Date,Campaign_Name,Sent,Delivered,Opened,Clicked,Unsubscribed,Revenue,Open_Rate,Click_Rate,Unsubscribe_Rate
2025-01-06,TechFlow_Newsletter_Weekly,41840,40422,8461,810,139,28366.69,20.93,9.57,0.33
2025-01-06,TechFlow_Product_Launch,18901,18444,6117,800,47,24903.9,33.17,13.08,0.25
2025-01-06,TechFlow_Webinar_Invitation,49970,48300,15532,1303,207,37613.07,32.16,8.39,0.41
2025-01-06,TechFlow_Case_Study_Showcase,19625,19150,6519,654,58,8413.39,34.04,10.03,0.3
2025-01-06,TechFlow_Holiday_Promotion,20888,20017,6510,471,38,7299.68,32.52,7.24,0.18
2025-01-07,TechFlow_Newsletter_Weekly,34233,33810,9345,1343,131,39445.42,27.64,14.37,0.38
2025-01-07,TechFlow_Product_Launch,32410,31494,5988,678,110,19150.71,19.01,11.32,0.34
2025-01-07,TechFlow_Webinar_Invitation,12316,12120,2427,223,42,2857.23,20.02,9.19,0.34
2025-01-07,TechFlow_Case_Study_Showcase,31413,30578,10032,1477,96,60169.55,32.81,14.72,0.31
2025-01-07,TechFlow_Holiday_Promotion,32872,32347,10459,795,81,30420.1,32.33,7.6,0.25
2025-01-08,TechFlow_Newsletter_Weekly,19425,18629,3613,244,81,3208.26,19.39,6.75,0.42
2025-01-08,TechFlow_Product_Launch,46171,44680,8040,564,186,21008.51,17.99,7.01,0.4
2025-01-08,TechFlow_Webinar_Invitation,24478,23693,4098,270,77,10596.75,17.3,6.59,0.31
2025-01-08,TechFlow_Case_Study_Showcase,33141,32480,7193,757,157,26306.51,22.15,10.52,0.47
2025-01-08,TechFlow_Holiday_Promotion,16904,16187,4219,246,43,6165.71,26.06,5.83,0.25
2025-01-09,TechFlow_Newsletter_Weekly,39883,38504,10042,1342,159,52879.19,26.08,13.36,0.4
2025-01-09,TechFlow_Product_Launch,46704,46223,12324,1225,86,54947.44,26.66,9.94,0.18
2025-01-09,TechFlow_Webinar_Invitation,42108,40550,13021,1020,99,39740.33,32.11,7.83,0.24
2025-01-09,TechFlow_Case_Study_Showcase,9440,9196,2900,311,46,3192.26,31.54,10.72,0.49
2025-01-09,TechFlow_Holiday_Promotion,44375,43705,9072,893,68,29985.44,20.76,9.84,0.15
2025-01-10,TechFlow_Newsletter_Weekly,43822,42872,12668,1394,216,46434.84,29.55,11.0,0.49
2025-01-10,TechFlow_Product_Launch,21685,20940,4667,396,34,10551.85,22.29,8.49,0.16
2025-01-10,TechFlow_Webinar_Invitation,45594,43550,7275,812,85,23592.2,16.7,11.16,0.19
2025-01-10,TechFlow_Case_Study_Showcase,26732,25456,5882,382,117,6206.48,23.11,6.49,0.44
2025-01-10,TechFlow_Holiday_Promotion,11893,11742,3446,211,13,6207.52,29.35,6.12,0.11
2025-01-11,TechFlow_Newsletter_Weekly,39045,37197,12302,1710,134,31000.99,33.07,13.9,0.34
2025-01-11,TechFlow_Product_Launch,21337,21006,3586,188,57,5782.49,17.07,5.24,0.27
2025-01-11,TechFlow_Webinar_Invitation,48287,46786,9594,1269,199,13143.43,20.51,13.23,0.41
2025-01-11,TechFlow_Case_Study_Showcase,29614,29153,8740,1140,54,24727.35,29.98,13.04,0.18
2025-01-11,TechFlow_Holiday_Promotion,41201,39480,9847,656,201,18096.92,24.94,6.66,0.49
2025-01-12,TechFlow_Newsletter_Weekly,25517,24466,4742,340,118,3928.01,19.38,7.17,0.46
2025-01-12,TechFlow_Product_Launch,11938,11687,2238,215,27,6166.63,19.15,9.61,0.23
2025-01-12,TechFlow_Webinar_Invitation,34812,33722,6897,505,68,18364.81,20.45,7.32,0.2
2025-01-12,TechFlow_Case_Study_Showcase,24365,23476,4206,499,119,7058.44,17.92,11.86,0.49
2025-01-12,TechFlow_Holiday_Promotion,33746,32875,4988,467,134,11180.38,15.17,9.36,0.4
2025-01-13,TechFlow_Newsletter_Weekly,21488,20780,3747,485,46,10641.59,18.03,12.94,0.21
2025-01-13,TechFlow_Product_Launch,23581,22998,3514,383,63,17187.51,15.28,10.9,0.27
2025-01-13,TechFlow_Webinar_Invitation,15385,14976,3912,388,63,6936.63,26.12,9.92,0.41
2025-01-13,TechFlow_Case_Study_Showcase,35139,33606,11187,1592,109,21854.26,33.29,14.23,0.31
2025-01-13,TechFlow_Holiday_Promotion,14635,14082,2289,271,29,13016.63,16.25,11.84,0.2
2025-01-14,TechFlow_Newsletter_Weekly,18701,18119,3167,254,41,9479.96,17.48,8.02,0.22
2025-01-14,TechFlow_Product_Launch,37571,36274,12381,1618,65,79165.68,34.13,13.07,0.17
2025-01-14,TechFlow_Webinar_Invitation,27674,27046,6160,349,123,12977.69,22.78,5.67,0.44
2025-01-14,TechFlow_Case_Study_Showcase,39473,38881,13103,1347,178,21010.31,33.7,10.28,0.45
2025-01-14,TechFlow_Holiday_Promotion,34650,32936,5106,298,78,14419.28,15.5,5.84,0.23
2025-01-15,TechFlow_Newsletter_Weekly,12906,12687,4234,511,39,21368.31,33.37,12.07,0.3
2025-01-15,TechFlow_Product_Launch,33587,32074,10739,1330,145,25384.37,33.48,12.38,0.43
2025-01-15,TechFlow_Webinar_Invitation,38994,37953,8586,507,135,22162.86,22.62,5.9,0.35
2025-01-15,TechFlow_Case_Study_Showcase,17441,16916,4291,429,34,4743.09,25.37,10.0,0.19
2025-01-15,TechFlow_Holiday_Promotion,17166,16429,4895,520,74,7844.87,29.79,10.62,0.43
2025-01-16,TechFlow_Newsletter_Weekly,18635,18139,3318,405,42,18582.74,18.29,12.21,0.23
2025-01-16,TechFlow_Product_Launch,27871,27397,7451,1079,48,45689.8,27.2,14.48,0.17
2025-01-16,TechFlow_Webinar_Invitation,5601,5506,1522,115,24,1408.65,27.64,7.56,0.43
2025-01-16,TechFlow_Case_Study_Showcase,44200,42019,7892,524,78,8408.33,18.78,6.64,0.18
2025-01-16,TechFlow_Holiday_Promotion,46237,45256,15142,2118,110,101848.63,33.46,13.99,0.24
2025-01-17,TechFlow_Newsletter_Weekly,41759,40438,13734,1855,117,66134.3,33.96,13.51,0.28
2025-01-17,TechFlow_Product_Launch,7524,7184,1280,188,28,8086.91,17.82,14.69,0.37
2025-01-17,TechFlow_Webinar_Invitation,48156,47081,14586,2064,177,101635.27,30.98,14.15,0.37
2025-01-17,TechFlow_Case_Study_Showcase,27644,27154,5124,541,59,10862.76,18.87,10.56,0.21
2025-01-17,TechFlow_Holiday_Promotion,16317,15762,3974,510,81,22486.59,25.21,12.83,0.5
2025-01-18,TechFlow_Newsletter_Weekly,22631,22249,3739,431,79,11971.12,16.81,11.53,0.35
2025-01-18,TechFlow_Product_Launch,6897,6609,1951,98,30,2315.93,29.52,5.02,0.43
2025-01-18,TechFlow_Webinar_Invitation,18181,17285,2616,147,31,1905.65,15.13,5.62,0.17
2025-01-18,TechFlow_Case_Study_Showcase,44829,42787,9730,868,58,24949.7,22.74,8.92,0.13
2025-01-18,TechFlow_Holiday_Promotion,31651,31330,8304,1218,128,30376.42,26.5,14.67,0.4
2025-01-19,TechFlow_Newsletter_Weekly,23269,22261,4414,539,76,16451.07,19.83,12.21,0.33
2025-01-19,TechFlow_Product_Launch,48927,48241,15529,822,233,17776.06,32.19,5.29,0.48
2025-01-19,TechFlow_Webinar_Invitation,46575,45179,7552,736,83,17401.09,16.72,9.75,0.18
2025-01-19,TechFlow_Case_Study_Showcase,15951,15655,5360,671,68,30089.38,34.24,12.52,0.43
2025-01-19,TechFlow_Holiday_Promotion,47179,46077,12692,725,223,33439.78,27.55,5.71,0.47
2025-01-20,TechFlow_Newsletter_Weekly,22860,22265,4335,573,23,20418.21,19.47,13.22,0.1
2025-01-20,TechFlow_Product_Launch,24702,24272,8299,1156,72,32648.64,34.19,13.93,0.29
2025-01-20,TechFlow_Webinar_Invitation,47001,45861,15527,1092,171,44930.61,33.86,7.03,0.36
2025-01-20,TechFlow_Case_Study_Showcase,34772,34197,8772,997,106,26534.63,25.65,11.37,0.3
2025-01-20,TechFlow_Holiday_Promotion,13887,13543,3351,463,56,6550.27,24.74,13.82,0.4
2025-01-21,TechFlow_Newsletter_Weekly,13100,12652,3926,283,58,5695.53,31.03,7.21,0.44
2025-01-21,TechFlow_Product_Launch,24759,24209,5598,423,52,10469.06,23.12,7.56,0.21
2025-01-21,TechFlow_Webinar_Invitation,8381,8119,1662,120,21,1841.83,20.47,7.22,0.25
2025-01-21,TechFlow_Case_Study_Showcase,30302,29077,6190,689,68,26995.24,21.29,11.13,0.22
2025-01-21,TechFlow_Holiday_Promotion,28363,27702,7714,884,57,43422.98,27.85,11.46,0.2
2025-01-22,TechFlow_Newsletter_Weekly,34417,32925,6706,854,149,24358.58,20.37,12.73,0.43
2025-01-22,TechFlow_Product_Launch,16781,16217,5408,644,81,30101.64,33.35,11.91,0.48
2025-01-22,TechFlow_Webinar_Invitation,47240,45570,10748,846,157,34863.6,23.59,7.87,0.33
2025-01-22,TechFlow_Case_Study_Showcase,40741,39487,7385,1080,51,32645.99,18.7,14.62,0.13
2025-01-22,TechFlow_Holiday_Promotion,24092,22918,6958,453,28,6269.27,30.36,6.51,0.12
2025-01-23,TechFlow_Newsletter_Weekly,32415,31740,10720,1253,123,53639.82,33.77,11.69,0.38
2025-01-23,TechFlow_Product_Launch,21401,20679,4789,331,76,7769.79,23.16,6.91,0.36
2025-01-23,TechFlow_Webinar_Invitation,37393,35892,7777,896,177,36439.92,21.67,11.52,0.47
2025-01-23,TechFlow_Case_Study_Showcase,27188,25996,6122,415,115,12237.49,23.55,6.78,0.42
2025-01-23,TechFlow_Holiday_Promotion,22700,22131,4341,549,57,19726.25,19.62,12.65,0.25
2025-01-24,TechFlow_Newsletter_Weekly,13535,13277,2941,243,31,8032.52,22.15,8.26,0.23
2025-01-24,TechFlow_Product_Launch,22308,21924,4662,571,107,23755.43,21.26,12.25,0.48
2025-01-24,TechFlow_Webinar_Invitation,37123,36530,10855,699,71,30198.04,29.72,6.44,0.19
2025-01-24,TechFlow_Case_Study_Showcase,7151,6866,1051,96,29,2812.26,15.31,9.13,0.41
2025-01-24,TechFlow_Holiday_Promotion,44612,43936,7183,665,206,13379.31,16.35,9.26,0.46
2025-01-25,TechFlow_Newsletter_Weekly,25702,25391,4879,435,36,8600.47,19.22,8.92,0.14
2025-01-25,TechFlow_Product_Launch,30016,28882,8266,726,94,9284.07,28.62,8.78,0.31
2025-01-25,TechFlow_Webinar_Invitation,44648,44055,10615,757,207,12552.77,24.09,7.13,0.46
2025-01-25,TechFlow_Case_Study_Showcase,21753,20975,4451,362,29,15287.8,21.22,8.13,0.13
2025-01-25,TechFlow_Holiday_Promotion,33748,32744,6276,733,126,27960.39,19.17,11.68,0.37
2025-01-26,TechFlow_Newsletter_Weekly,48421,46032,11405,1020,218,30549.93,24.78,8.94,0.45
2025-01-26,TechFlow_Product_Launch,46507,44525,8773,798,140,25595.87,19.7,9.1,0.3
2025-01-26,TechFlow_Webinar_Invitation,49572,48775,11702,1238,234,19549.21,23.99,10.58,0.47
2025-01-26,TechFlow_Case_Study_Showcase,42578,41111,10182,1346,99,27421.8,24.77,13.22,0.23
2025-01-26,TechFlow_Holiday_Promotion,37172,36760,6578,382,68,6121.29,17.89,5.81,0.18
2025-01-27,TechFlow_Newsletter_Weekly,30302,29750,5520,619,124,17525.85,18.55,11.21,0.41
2025-01-27,TechFlow_Product_Launch,14583,14335,3501,431,50,8152.8,24.42,12.31,0.34
2025-01-27,TechFlow_Webinar_Invitation,14363,13682,2634,348,28,5912.08,19.25,13.21,0.19
2025-01-27,TechFlow_Case_Study_Showcase,11666,11290,3635,305,22,6371.54,32.2,8.39,0.19
2025-01-27,TechFlow_Holiday_Promotion,26609,26134,5406,538,94,21366.14,20.69,9.95,0.35
2025-01-28,TechFlow_Newsletter_Weekly,8100,7861,2670,157,22,5414.15,33.97,5.88,0.27
2025-01-28,TechFlow_Product_Launch,45706,43734,9234,1145,210,45179.71,21.11,12.4,0.46
2025-01-28,TechFlow_Webinar_Invitation,14076,13585,2544,309,28,3691.82,18.73,12.15,0.2
2025-01-28,TechFlow_Case_Study_Showcase,43192,42675,8068,578,110,8558.53,18.91,7.16,0.25
2025-01-28,TechFlow_Holiday_Promotion,21126,20082,3261,396,47,16019.45,16.24,12.14,0.22
2025-01-29,TechFlow_Newsletter_Weekly,47486,46536,11675,725,119,16967.1,25.09,6.21,0.25
2025-01-29,TechFlow_Product_Launch,46502,45580,15152,1003,158,39916.95,33.24,6.62,0.34
2025-01-29,TechFlow_Webinar_Invitation,10441,10252,3121,416,26,8379.73,30.44,13.33,0.25
2025-01-29,TechFlow_Case_Study_Showcase,29039,28156,6862,577,89,26480.93,24.37,8.41,0.31
2025-01-29,TechFlow_Holiday_Promotion,24432,23994,3800,395,65,16389.81,15.84,10.39,0.27
2025-01-30,TechFlow_Newsletter_Weekly,22560,21884,5062,323,64,15678.72,23.13,6.38,0.28
2025-01-30,TechFlow_Product_Launch,32813,31543,10303,929,126,16336.02,32.66,9.02,0.38
2025-01-30,TechFlow_Webinar_Invitation,40752,39268,13387,705,61,12228.39,34.09,5.27,0.15
2025-01-30,TechFlow_Case_Study_Showcase,7424,7299,2514,126,24,2494.9,34.44,5.01,0.32
2025-01-30,TechFlow_Holiday_Promotion,15421,15129,2501,331,70,14661.87,16.53,13.23,0.45
2025-01-31,TechFlow_Newsletter_Weekly,42191,40265,8750,704,135,12489.52,21.73,8.05,0.32
2025-01-31,TechFlow_Product_Launch,25633,24568,4428,334,111,8347.42,18.02,7.54,0.43
2025-01-31,TechFlow_Webinar_Invitation,44684,42976,14771,1524,60,56303.2,34.37,10.32,0.13
2025-01-31,TechFlow_Case_Study_Showcase,38069,37140,6091,367,92,6225.3,16.4,6.03,0.24
2025-01-31,TechFlow_Holiday_Promotion,19451,19147,4122,301,28,5177.78,21.53,7.3,0.14
2025-02-01,TechFlow_Newsletter_Weekly,5515,5297,1616,229,18,8568.34,30.51,14.17,0.33
2025-02-01,TechFlow_Product_Launch,37936,36122,9532,773,113,36391.73,26.39,8.11,0.3
2025-02-01,TechFlow_Webinar_Invitation,35713,34216,7703,1087,159,50357.18,22.51,14.11,0.45
2025-02-01,TechFlow_Case_Study_Showcase,15801,15053,4384,630,48,28547.44,29.12,14.37,0.3
2025-02-01,TechFlow_Holiday_Promotion,40965,40524,8587,811,109,38767.13,21.19,9.44,0.27
2025-02-02,TechFlow_Newsletter_Weekly,49942,47677,14392,1216,103,43385.2,30.19,8.45,0.21
2025-02-02,TechFlow_Product_Launch,5057,4894,1131,88,15,4097.41,23.11,7.78,0.3
2025-02-02,TechFlow_Webinar_Invitation,32253,30865,8261,1076,146,13954.19,26.76,13.03,0.45
2025-02-02,TechFlow_Case_Study_Showcase,44297,42906,10703,1499,113,48987.77,24.95,14.01,0.26
2025-02-02,TechFlow_Holiday_Promotion,27290,26117,4925,571,87,15271.32,18.86,11.59,0.32
2025-02-03,TechFlow_Newsletter_Weekly,41890,41007,9956,642,177,12241.46,24.28,6.45,0.42
2025-02-03,TechFlow_Product_Launch,11474,10930,2160,223,42,2703.36,19.76,10.32,0.37
2025-02-03,TechFlow_Webinar_Invitation,24227,23733,6300,802,114,23210.85,26.55,12.73,0.47
2025-02-03,TechFlow_Case_Study_Showcase,13086,12872,3875,399,24,7735.6,30.1,10.3,0.18
2025-02-03,TechFlow_Holiday_Promotion,15991,15448,5022,377,31,8999.92,32.51,7.51,0.19
2025-02-04,TechFlow_Newsletter_Weekly,44763,44028,12716,790,97,37242.57,28.88,6.21,0.22
2025-02-04,TechFlow_Product_Launch,39402,38000,8537,591,80,27097.13,22.47,6.92,0.2
2025-02-04,TechFlow_Webinar_Invitation,18300,17438,3736,212,43,4522.92,21.42,5.67,0.23
2025-02-04,TechFlow_Case_Study_Showcase,35123,34347,9443,1098,113,50351.0,27.49,11.63,0.32
2025-02-04,TechFlow_Holiday_Promotion,48604,46293,9709,1367,178,25960.34,20.97,14.08,0.37
2025-02-05,TechFlow_Newsletter_Weekly,17301,16959,4252,423,57,9198.02,25.07,9.95,0.33
2025-02-05,TechFlow_Product_Launch,18642,18007,3732,399,64,12471.13,20.73,10.69,0.34
2025-02-05,TechFlow_Webinar_Invitation,22347,21706,4013,388,96,11745.99,18.49,9.67,0.43
2025-02-05,TechFlow_Case_Study_Showcase,18207,17762,5367,441,66,8080.58,30.22,8.22,0.36
2025-02-05,TechFlow_Holiday_Promotion,19843,19047,3406,415,95,8354.58,17.88,12.18,0.48
2025-02-06,TechFlow_Newsletter_Weekly,31326,30885,6703,431,99,16716.08,21.7,6.43,0.32
2025-02-06,TechFlow_Product_Launch,31441,30839,6820,1022,117,24148.36,22.11,14.99,0.37
2025-02-06,TechFlow_Webinar_Invitation,48635,46980,14257,1330,148,57109.17,30.35,9.33,0.3
2025-02-06,TechFlow_Case_Study_Showcase,46570,46097,10559,889,92,24085.82,22.91,8.42,0.2
2025-02-06,TechFlow_Holiday_Promotion,35114,33589,8010,822,94,11592.85,23.85,10.26,0.27
2025-02-07,TechFlow_Newsletter_Weekly,46997,44969,8690,643,70,22969.32,19.32,7.4,0.15
2025-02-07,TechFlow_Product_Launch,8622,8233,2411,341,38,13009.53,29.28,14.14,0.44
2025-02-07,TechFlow_Webinar_Invitation,49814,48176,13508,705,245,8331.61,28.04,5.22,0.49
2025-02-07,TechFlow_Case_Study_Showcase,16507,16222,5669,324,77,7648.99,34.95,5.72,0.47
2025-02-07,TechFlow_Holiday_Promotion,40657,39691,13829,1183,76,41053.04,34.84,8.55,0.19
2025-02-08,TechFlow_Newsletter_Weekly,35614,35081,6193,798,89,25354.8,17.65,12.89,0.25
2025-02-08,TechFlow_Product_Launch,22646,21913,4053,301,105,3393.53,18.5,7.43,0.46
2025-02-08,TechFlow_Webinar_Invitation,29013,27726,5681,567,110,21719.15,20.49,9.98,0.38
2025-02-08,TechFlow_Case_Study_Showcase,44884,44137,11810,1751,180,80924.61,26.76,14.83,0.4
2025-02-08,TechFlow_Holiday_Promotion,16315,15789,2639,152,33,7425.73,16.71,5.76,0.2
2025-02-09,TechFlow_Newsletter_Weekly,45205,43961,14361,949,85,16816.59,32.67,6.61,0.19
2025-02-09,TechFlow_Product_Launch,45070,44121,11721,731,190,19862.08,26.57,6.24,0.42
2025-02-09,TechFlow_Webinar_Invitation,39302,37791,7598,723,192,26640.95,20.11,9.52,0.49
2025-02-09,TechFlow_Case_Study_Showcase,13847,13323,3379,426,29,19148.55,25.36,12.61,0.21
2025-02-09,TechFlow_Holiday_Promotion,42678,40917,10939,1221,166,12743.35,26.73,11.16,0.39
2025-02-10,TechFlow_Newsletter_Weekly,21171,20314,5398,555,56,24876.53,26.57,10.28,0.26
2025-02-10,TechFlow_Product_Launch,19138,18535,3522,384,54,4399.46,19.0,10.9,0.28
2025-02-10,TechFlow_Webinar_Invitation,7267,7168,1598,164,18,5248.96,22.29,10.26,0.25
2025-02-10,TechFlow_Case_Study_Showcase,11328,10955,3579,505,27,10490.2,32.67,14.11,0.24
2025-02-10,TechFlow_Holiday_Promotion,37331,35772,7645,577,168,27438.75,21.37,7.55,0.45
2025-02-11,TechFlow_Newsletter_Weekly,27537,26380,4580,502,91,6486.58,17.36,10.96,0.33
2025-02-11,TechFlow_Product_Launch,8568,8249,2295,336,37,7798.54,27.82,14.64,0.43
2025-02-11,TechFlow_Webinar_Invitation,24855,24195,7104,452,71,14343.01,29.36,6.36,0.29
2025-02-11,TechFlow_Case_Study_Showcase,26593,25858,4789,559,95,13103.88,18.52,11.67,0.36
2025-02-11,TechFlow_Holiday_Promotion,28084,27595,4236,517,83,24000.96,15.35,12.2,0.3
2025-02-12,TechFlow_Newsletter_Weekly,41090,40108,7574,876,199,22362.01,18.88,11.57,0.48
2025-02-12,TechFlow_Product_Launch,12110,11706,3037,152,35,5651.27,25.94,5.0,0.29
2025-02-12,TechFlow_Webinar_Invitation,17519,16701,3356,218,57,4034.48,20.09,6.5,0.33
2025-02-12,TechFlow_Case_Study_Showcase,28531,27594,7215,716,80,27227.02,26.15,9.92,0.28
2025-02-12,TechFlow_Holiday_Promotion,39930,38123,9897,1067,166,36902.86,25.96,10.78,0.42
2025-02-13,TechFlow_Newsletter_Weekly,31950,30491,8331,1225,82,27326.03,27.32,14.7,0.26
2025-02-13,TechFlow_Product_Launch,7355,7272,1978,238,14,8760.61,27.2,12.03,0.19
2025-02-13,TechFlow_Webinar_Invitation,33163,31671,10111,866,101,29371.32,31.93,8.56,0.3
2025-02-13,TechFlow_Case_Study_Showcase,16435,15799,4202,354,21,7287.74,26.6,8.42,0.13
2025-02-13,TechFlow_Holiday_Promotion,32272,30662,7627,668,97,30889.51,24.87,8.76,0.3
2025-02-14,TechFlow_Newsletter_Weekly,44224,43725,11041,814,214,22323.08,25.25,7.37,0.48
2025-02-14,TechFlow_Product_Launch,45935,45042,12604,810,182,35035.01,27.98,6.43,0.4
2025-02-14,TechFlow_Webinar_Invitation,13784,13424,3145,256,38,8394.43,23.43,8.14,0.28
2025-02-14,TechFlow_Case_Study_Showcase,35452,34817,9326,1282,104,16011.02,26.79,13.75,0.29
2025-02-14,TechFlow_Holiday_Promotion,9714,9305,2291,323,31,13425.3,24.62,14.1,0.32
2025-02-15,TechFlow_Newsletter_Weekly,49816,48200,14681,2100,86,87109.44,30.46,14.3,0.17
2025-02-15,TechFlow_Product_Launch,27303,26823,4756,662,60,12535.97,17.73,13.92,0.22
2025-02-15,TechFlow_Webinar_Invitation,44143,42889,10049,835,182,29269.53,23.43,8.31,0.41
2025-02-15,TechFlow_Case_Study_Showcase,37391,35827,10308,864,74,16731.86,28.77,8.38,0.2
2025-02-15,TechFlow_Holiday_Promotion,24417,23645,5944,458,96,19313.1,25.14,7.71,0.39
2025-02-16,TechFlow_Newsletter_Weekly,27928,27340,9296,1300,53,13559.4,34.0,13.98,0.19
2025-02-16,TechFlow_Product_Launch,49387,47051,10247,1375,136,61911.17,21.78,13.42,0.28
2025-02-16,TechFlow_Webinar_Invitation,38040,37085,7812,963,100,21251.29,21.07,12.33,0.26
2025-02-16,TechFlow_Case_Study_Showcase,40982,39026,9219,831,168,35611.65,23.62,9.01,0.41
2025-02-16,TechFlow_Holiday_Promotion,36781,35040,6181,925,95,19082.93,17.64,14.97,0.26
2025-02-17,TechFlow_Newsletter_Weekly,49085,48199,14206,1785,215,33881.98,29.47,12.57,0.44
2025-02-17,TechFlow_Product_Launch,38990,37552,11373,1454,104,50050.52,30.29,12.78,0.27
2025-02-17,TechFlow_Webinar_Invitation,44431,43982,9917,1184,121,53031.18,22.55,11.94,0.27
2025-02-17,TechFlow_Case_Study_Showcase,33244,32881,5158,405,47,9084.95,15.69,7.85,0.14
2025-02-17,TechFlow_Holiday_Promotion,43316,42836,9395,1098,55,34909.8,21.93,11.69,0.13
2025-02-18,TechFlow_Newsletter_Weekly,18390,17889,5905,314,34,3391.26,33.01,5.32,0.18
2025-02-18,TechFlow_Product_Launch,10130,9662,3328,178,32,5967.04,34.44,5.35,0.32
2025-02-18,TechFlow_Webinar_Invitation,33640,32383,8843,729,141,12718.67,27.31,8.24,0.42
2025-02-18,TechFlow_Case_Study_Showcase,38300,37092,11067,690,44,27490.59,29.84,6.23,0.11
2025-02-18,TechFlow_Holiday_Promotion,49747,48721,12377,1514,120,40317.29,25.4,12.23,0.24
2025-02-19,TechFlow_Newsletter_Weekly,34120,32888,9100,857,143,16485.0,27.67,9.42,0.42
2025-02-19,TechFlow_Product_Launch,15986,15790,3045,442,25,10177.41,19.28,14.52,0.16
2025-02-19,TechFlow_Webinar_Invitation,10561,10409,1687,249,15,7106.29,16.21,14.76,0.14
2025-02-19,TechFlow_Case_Study_Showcase,42942,41724,12441,1860,153,71943.09,29.82,14.95,0.36
2025-02-19,TechFlow_Holiday_Promotion,46654,44665,12035,1486,52,58337.96,26.95,12.35,0.11
2025-02-20,TechFlow_Newsletter_Weekly,11208,10722,2106,139,41,2713.97,19.64,6.6,0.37
2025-02-20,TechFlow_Product_Launch,46005,43960,14689,782,103,8977.31,33.41,5.32,0.22
2025-02-20,TechFlow_Webinar_Invitation,9963,9808,1673,237,18,8843.91,17.06,14.17,0.18
2025-02-20,TechFlow_Case_Study_Showcase,10926,10600,3350,415,38,19851.63,31.6,12.39,0.35
2025-02-20,TechFlow_Holiday_Promotion,20617,20049,3502,285,45,11749.74,17.47,8.14,0.22
2025-02-21,TechFlow_Newsletter_Weekly,43355,41491,12565,1330,57,33081.9,30.28,10.58,0.13
2025-02-21,TechFlow_Product_Launch,31733,31376,10022,807,122,8733.49,31.94,8.05,0.38
2025-02-21,TechFlow_Webinar_Invitation,45742,45236,11731,1482,122,63816.32,25.93,12.63,0.27
2025-02-21,TechFlow_Case_Study_Showcase,47755,47084,7078,435,217,14904.68,15.03,6.15,0.45
2025-02-21,TechFlow_Holiday_Promotion,40058,38211,5740,652,169,14072.39,15.02,11.36,0.42
2025-02-22,TechFlow_Newsletter_Weekly,30914,30337,9349,1266,89,52633.61,30.82,13.54,0.29
2025-02-22,TechFlow_Product_Launch,6886,6742,2173,312,18,7370.71,32.23,14.36,0.26
2025-02-22,TechFlow_Webinar_Invitation,10865,10505,2548,372,34,17718.29,24.26,14.6,0.31
2025-02-22,TechFlow_Case_Study_Showcase,44837,43910,10999,1563,198,15889.23,25.05,14.21,0.44
2025-02-22,TechFlow_Holiday_Promotion,34334,32993,11071,575,141,28057.44,33.56,5.19,0.41
2025-02-23,TechFlow_Newsletter_Weekly,33668,32332,10246,807,140,20110.72,31.69,7.88,0.42
2025-02-23,TechFlow_Product_Launch,45774,44820,14448,1399,87,29370.7,32.24,9.68,0.19
2025-02-23,TechFlow_Webinar_Invitation,47364,45685,12051,964,50,38593.67,26.38,8.0,0.11
2025-02-23,TechFlow_Case_Study_Showcase,15493,15265,3774,507,49,14060.18,24.72,13.43,0.32
2025-02-23,TechFlow_Holiday_Promotion,45530,44158,8805,594,157,16874.06,19.94,6.75,0.34
2025-02-24,TechFlow_Newsletter_Weekly,25889,25276,7526,1045,122,29498.64,29.78,13.89,0.47
2025-02-24,TechFlow_Product_Launch,37943,36990,12844,1139,50,39562.1,34.72,8.87,0.13
2025-02-24,TechFlow_Webinar_Invitation,36322,34834,8204,523,88,18779.29,23.55,6.37,0.24
2025-02-24,TechFlow_Case_Study_Showcase,32106,30921,6837,511,68,21687.72,22.11,7.47,0.21
2025-02-24,TechFlow_Holiday_Promotion,40207,39102,9170,899,129,38800.09,23.45,9.8,0.32
2025-02-25,TechFlow_Newsletter_Weekly,6437,6204,2110,264,17,2745.33,34.01,12.51,0.26
2025-02-25,TechFlow_Product_Launch,33661,32485,8718,436,162,6205.83,26.84,5.0,0.48
2025-02-25,TechFlow_Webinar_Invitation,39952,38440,7392,681,97,28309.55,19.23,9.21,0.24
2025-02-25,TechFlow_Case_Study_Showcase,33562,33171,7063,386,120,6681.81,21.29,5.47,0.36
2025-02-25,TechFlow_Holiday_Promotion,24899,24577,8515,1097,72,17208.8,34.65,12.88,0.29
2025-02-26,TechFlow_Newsletter_Weekly,11062,10649,2027,230,25,11241.95,19.03,11.35,0.23
2025-02-26,TechFlow_Product_Launch,44734,44025,9476,1039,91,50434.31,21.52,10.96,0.2
2025-02-26,TechFlow_Webinar_Invitation,17078,16229,4573,237,55,10974.91,28.18,5.18,0.32
2025-02-26,TechFlow_Case_Study_Showcase,36041,35475,7232,709,131,23838.32,20.39,9.8,0.36
2025-02-26,TechFlow_Holiday_Promotion,21526,20946,5240,617,74,10638.89,25.02,11.77,0.34
2025-02-27,TechFlow_Newsletter_Weekly,8905,8512,2703,317,43,4987.52,31.76,11.73,0.48
2025-02-27,TechFlow_Product_Launch,5490,5243,1694,159,7,5769.81,32.31,9.39,0.13
2025-02-27,TechFlow_Webinar_Invitation,32803,32370,8074,941,138,44022.88,24.94,11.65,0.42
2025-02-27,TechFlow_Case_Study_Showcase,18328,17429,3045,454,39,14758.25,17.47,14.91,0.21
2025-02-27,TechFlow_Holiday_Promotion,42190,40598,9969,580,132,25158.91,24.56,5.82,0.31
2025-02-28,TechFlow_Newsletter_Weekly,49498,47067,16396,1533,147,55224.17,34.84,9.35,0.3
2025-02-28,TechFlow_Product_Launch,26927,25899,7547,926,116,11053.22,29.14,12.27,0.43
2025-02-28,TechFlow_Webinar_Invitation,48421,47179,16095,1218,75,57079.28,34.11,7.57,0.15
2025-02-28,TechFlow_Case_Study_Showcase,40145,39274,13378,1842,162,33561.41,34.06,13.77,0.4
2025-02-28,TechFlow_Holiday_Promotion,16378,15750,4204,311,37,6408.54,26.69,7.4,0.23
2025-03-01,TechFlow_Newsletter_Weekly,44248,42646,8573,1162,180,57486.26,20.1,13.55,0.41
2025-03-01,TechFlow_Product_Launch,32237,31873,5518,761,69,34137.72,17.31,13.79,0.21
2025-03-01,TechFlow_Webinar_Invitation,46421,45500,10417,893,78,14713.3,22.89,8.57,0.17
2025-03-01,TechFlow_Case_Study_Showcase,14559,13999,2747,259,46,5123.86,19.62,9.43,0.32
2025-03-01,TechFlow_Holiday_Promotion,23395,22608,7115,909,78,44825.04,31.47,12.78,0.33
2025-03-02,TechFlow_Newsletter_Weekly,35117,34732,10598,1044,169,36283.0,30.51,9.85,0.48
2025-03-02,TechFlow_Product_Launch,28846,28537,5138,389,99,18735.31,18.0,7.57,0.34
2025-03-02,TechFlow_Webinar_Invitation,40170,38894,8284,848,91,18390.41,21.3,10.24,0.23
2025-03-02,TechFlow_Case_Study_Showcase,29471,28220,9295,1212,95,33197.89,32.94,13.04,0.32
2025-03-02,TechFlow_Holiday_Promotion,27708,26420,5618,427,62,17286.07,21.26,7.6,0.22
2025-03-03,TechFlow_Newsletter_Weekly,29862,28888,10091,776,43,18557.31,34.93,7.69,0.14
2025-03-03,TechFlow_Product_Launch,28941,27879,8269,784,107,15996.69,29.66,9.48,0.37
2025-03-03,TechFlow_Webinar_Invitation,39288,37660,10313,1483,143,47682.91,27.38,14.38,0.36
2025-03-03,TechFlow_Case_Study_Showcase,6395,6088,1806,231,11,4157.19,29.66,12.79,0.17
2025-03-03,TechFlow_Holiday_Promotion,49462,48192,13717,985,72,10263.94,28.46,7.18,0.15
2025-03-04,TechFlow_Newsletter_Weekly,49842,48815,12782,998,102,24646.1,26.18,7.81,0.2
2025-03-04,TechFlow_Product_Launch,7607,7236,2216,300,9,4487.4,30.62,13.54,0.12
2025-03-04,TechFlow_Webinar_Invitation,24457,23690,6415,569,35,12450.57,27.08,8.87,0.14
2025-03-04,TechFlow_Case_Study_Showcase,14334,13874,4300,303,64,12469.84,30.99,7.05,0.45
2025-03-04,TechFlow_Holiday_Promotion,26108,25039,8230,579,129,11779.04,32.87,7.04,0.49
2025-03-05,TechFlow_Newsletter_Weekly,24584,23929,3815,406,26,9608.54,15.94,10.64,0.11
2025-03-05,TechFlow_Product_Launch,9713,9248,2988,233,11,6811.82,32.31,7.8,0.11
2025-03-05,TechFlow_Webinar_Invitation,47342,46039,11137,1399,94,33040.71,24.19,12.56,0.2
2025-03-05,TechFlow_Case_Study_Showcase,47680,47105,9950,558,235,11693.27,21.12,5.61,0.49
2025-03-05,TechFlow_Holiday_Promotion,11128,10799,2981,303,55,4768.88,27.6,10.16,0.49
2025-03-06,TechFlow_Newsletter_Weekly,30883,30251,10266,753,150,18574.04,33.94,7.33,0.49
2025-03-06,TechFlow_Product_Launch,15163,14994,2500,344,25,16438.4,16.67,13.76,0.16
2025-03-06,TechFlow_Webinar_Invitation,28448,27597,8701,997,75,15935.64,31.53,11.46,0.26
2025-03-06,TechFlow_Case_Study_Showcase,30210,29571,9072,1169,65,26902.18,30.68,12.89,0.22
2025-03-06,TechFlow_Holiday_Promotion,48634,47734,16376,1585,167,37075.32,34.31,9.68,0.34
2025-03-07,TechFlow_Newsletter_Weekly,47694,46688,10625,1480,129,45358.81,22.76,13.93,0.27
2025-03-07,TechFlow_Product_Launch,10747,10449,1642,129,46,1445.43,15.71,7.86,0.43
2025-03-07,TechFlow_Webinar_Invitation,33794,32336,4861,480,143,17187.36,15.03,9.87,0.42
2025-03-07,TechFlow_Case_Study_Showcase,9423,9276,2544,246,13,7322.85,27.43,9.67,0.14
2025-03-07,TechFlow_Holiday_Promotion,32317,30724,8276,578,122,25174.23,26.94,6.98,0.38
2025-03-08,TechFlow_Newsletter_Weekly,25197,23954,5000,451,77,11327.7,20.87,9.02,0.31
2025-03-08,TechFlow_Product_Launch,38530,37041,5565,321,174,4554.21,15.02,5.77,0.45
2025-03-08,TechFlow_Webinar_Invitation,34250,32819,9480,1158,129,52986.32,28.89,12.22,0.38
2025-03-08,TechFlow_Case_Study_Showcase,18802,18203,5678,433,62,18937.55,31.19,7.63,0.33
2025-03-08,TechFlow_Holiday_Promotion,33101,31453,9636,761,48,8318.32,30.64,7.9,0.15
2025-03-09,TechFlow_Newsletter_Weekly,25694,24808,5172,351,78,5317.89,20.85,6.79,0.3
2025-03-09,TechFlow_Product_Launch,25981,25446,5392,796,81,30419.77,21.19,14.76,0.31
2025-03-09,TechFlow_Webinar_Invitation,42530,41118,14305,1866,164,28976.92,34.79,13.04,0.39
2025-03-09,TechFlow_Case_Study_Showcase,40377,38379,11994,1123,117,47938.8,31.25,9.36,0.29
2025-03-09,TechFlow_Holiday_Promotion,25932,24869,5961,535,38,19773.49,23.97,8.98,0.15
2025-03-10,TechFlow_Newsletter_Weekly,43185,41091,13049,891,92,27956.39,31.76,6.83,0.21
2025-03-10,TechFlow_Product_Launch,28338,26968,5671,285,74,8278.65,21.03,5.03,0.26
2025-03-10,TechFlow_Webinar_Invitation,33004,31708,5180,491,148,24189.76,16.34,9.48,0.45
2025-03-10,TechFlow_Case_Study_Showcase,10717,10362,2103,175,21,6526.68,20.3,8.32,0.2
2025-03-10,TechFlow_Holiday_Promotion,13164,12589,3072,273,61,11614.2,24.4,8.89,0.46
2025-03-11,TechFlow_Newsletter_Weekly,49023,47145,16240,2397,124,72039.93,34.45,14.76,0.25
2025-03-11,TechFlow_Product_Launch,18361,18120,6312,753,83,14734.92,34.83,11.93,0.45
2025-03-11,TechFlow_Webinar_Invitation,42628,40619,13699,917,142,39567.81,33.73,6.69,0.33
2025-03-11,TechFlow_Case_Study_Showcase,18563,18178,3852,453,89,14201.29,21.19,11.76,0.48
2025-03-11,TechFlow_Holiday_Promotion,26724,26180,5397,799,126,18950.15,20.61,14.8,0.47
2025-03-12,TechFlow_Newsletter_Weekly,23376,23073,5475,739,28,19006.13,23.73,13.5,0.12
2025-03-12,TechFlow_Product_Launch,10273,10169,3131,420,42,17418.4,30.79,13.41,0.41
2025-03-12,TechFlow_Webinar_Invitation,36007,35625,6986,913,118,23696.95,19.61,13.07,0.33
2025-03-12,TechFlow_Case_Study_Showcase,27059,26747,6421,808,81,39108.47,24.01,12.58,0.3
2025-03-12,TechFlow_Holiday_Promotion,43677,41612,8896,1104,204,47788.54,21.38,12.41,0.47
2025-03-13,TechFlow_Newsletter_Weekly,18220,17808,6090,901,90,34592.91,34.2,14.79,0.49
2025-03-13,TechFlow_Product_Launch,36001,34482,9056,853,84,29530.34,26.26,9.42,0.23
2025-03-13,TechFlow_Webinar_Invitation,25331,24534,8092,1011,67,29282.47,32.98,12.49,0.26
2025-03-13,TechFlow_Case_Study_Showcase,31203,30177,7736,1119,84,39294.98,25.64,14.46,0.27
2025-03-13,TechFlow_Holiday_Promotion,35452,34583,8219,937,166,9990.12,23.77,11.4,0.47
2025-03-14,TechFlow_Newsletter_Weekly,18847,18252,3304,294,91,7594.65,18.1,8.9,0.48
2025-03-14,TechFlow_Product_Launch,24217,23181,4705,300,52,4808.27,20.3,6.38,0.21
2025-03-14,TechFlow_Webinar_Invitation,43266,42664,11380,1047,187,19908.97,26.67,9.2,0.43
2025-03-14,TechFlow_Case_Study_Showcase,27463,26462,5406,380,51,18742.63,20.43,7.03,0.19
2025-03-14,TechFlow_Holiday_Promotion,16929,16558,3882,253,32,9585.38,23.44,6.52,0.19
2025-03-15,TechFlow_Newsletter_Weekly,40485,39139,10782,808,95,8261.41,27.55,7.49,0.23
2025-03-15,TechFlow_Product_Launch,19854,19446,3133,352,86,8429.07,16.11,11.24,0.43
2025-03-15,TechFlow_Webinar_Invitation,9621,9267,2349,304,28,14837.1,25.35,12.94,0.29
2025-03-15,TechFlow_Case_Study_Showcase,5320,5222,1080,80,10,3561.42,20.68,7.41,0.19
2025-03-15,TechFlow_Holiday_Promotion,18321,17560,5980,459,40,7223.54,34.05,7.68,0.22
2025-03-16,TechFlow_Newsletter_Weekly,40287,38641,13407,1275,92,13251.18,34.7,9.51,0.23
2025-03-16,TechFlow_Product_Launch,22970,22034,3575,313,98,14542.5,16.22,8.76,0.43
2025-03-16,TechFlow_Webinar_Invitation,22356,22109,7600,415,96,7234.38,34.38,5.46,0.43
2025-03-16,TechFlow_Case_Study_Showcase,25744,24639,6858,645,65,18293.36,27.83,9.41,0.25
2025-03-16,TechFlow_Holiday_Promotion,22025,21722,5883,708,109,16595.92,27.08,12.03,0.49
2025-03-17,TechFlow_Newsletter_Weekly,34053,33524,10460,1500,74,36133.14,31.2,14.34,0.22
2025-03-17,TechFlow_Product_Launch,19058,18378,3823,486,75,21316.57,20.8,12.71,0.39
2025-03-17,TechFlow_Webinar_Invitation,5549,5381,1167,161,25,2784.6,21.69,13.8,0.45
2025-03-17,TechFlow_Case_Study_Showcase,37259,36540,9951,1400,113,50869.18,27.23,14.07,0.3
2025-03-17,TechFlow_Holiday_Promotion,48778,48252,16345,1689,236,53753.51,33.87,10.33,0.48
2025-03-18,TechFlow_Newsletter_Weekly,38362,37773,6777,921,168,23284.38,17.94,13.59,0.44
2025-03-18,TechFlow_Product_Launch,48614,48123,12509,1595,230,18335.53,25.99,12.75,0.47
2025-03-18,TechFlow_Webinar_Invitation,5467,5271,1233,183,20,9038.36,23.39,14.84,0.37
2025-03-18,TechFlow_Case_Study_Showcase,45285,44513,11263,1550,62,34032.96,25.3,13.76,0.14
2025-03-18,TechFlow_Holiday_Promotion,25941,25092,7232,711,64,16524.54,28.82,9.83,0.25
2025-03-19,TechFlow_Newsletter_Weekly,46559,45322,13903,1787,83,35907.83,30.68,12.85,0.18
2025-03-19,TechFlow_Product_Launch,27107,26375,4857,346,32,12334.45,18.42,7.12,0.12
2025-03-19,TechFlow_Webinar_Invitation,45537,43939,12831,739,135,25101.43,29.2,5.76,0.3
2025-03-19,TechFlow_Case_Study_Showcase,6734,6460,1824,167,13,6678.67,28.24,9.16,0.19
2025-03-19,TechFlow_Holiday_Promotion,24102,23644,6766,817,38,11651.55,28.62,12.08,0.16
2025-03-20,TechFlow_Newsletter_Weekly,14053,13574,2822,284,63,7515.78,20.79,10.06,0.45
2025-03-20,TechFlow_Product_Launch,22777,21693,6200,465,62,15902.59,28.58,7.5,0.27
2025-03-20,TechFlow_Webinar_Invitation,16116,15577,4916,399,34,5738.84,31.56,8.12,0.21
2025-03-20,TechFlow_Case_Study_Showcase,5263,5033,1344,75,15,3043.48,26.7,5.58,0.29
2025-03-20,TechFlow_Holiday_Promotion,20895,20620,6599,901,74,25210.99,32.0,13.65,0.35
2025-03-21,TechFlow_Newsletter_Weekly,24779,24316,8020,648,59,30329.46,32.98,8.08,0.24
2025-03-21,TechFlow_Product_Launch,49645,48807,16616,1886,157,87882.5,34.04,11.35,0.32
2025-03-21,TechFlow_Webinar_Invitation,13496,13072,2761,172,65,5143.53,21.12,6.23,0.48
2025-03-21,TechFlow_Case_Study_Showcase,32208,31724,7569,646,43,18013.19,23.86,8.53,0.13
2025-03-21,TechFlow_Holiday_Promotion,43175,42442,9628,727,129,28368.0,22.69,7.55,0.3
2025-03-22,TechFlow_Newsletter_Weekly,40395,39136,6756,801,143,18488.05,17.26,11.86,0.35
2025-03-22,TechFlow_Product_Launch,32076,31703,9880,1370,137,57318.19,31.16,13.87,0.43
2025-03-22,TechFlow_Webinar_Invitation,39133,38096,12994,1194,161,46236.87,34.11,9.19,0.41
2025-03-22,TechFlow_Case_Study_Showcase,22987,21885,3924,204,89,4155.79,17.93,5.2,0.39
2025-03-22,TechFlow_Holiday_Promotion,17492,17135,5768,838,25,36997.29,33.66,14.53,0.14
2025-03-23,TechFlow_Newsletter_Weekly,22606,21707,6583,768,43,27500.48,30.33,11.67,0.19
2025-03-23,TechFlow_Product_Launch,30004,28635,5245,563,46,6689.38,18.32,10.73,0.15
2025-03-23,TechFlow_Webinar_Invitation,21640,21282,4353,422,55,4426.68,20.45,9.69,0.25
2025-03-23,TechFlow_Case_Study_Showcase,47397,46135,10832,1177,148,14790.24,23.48,10.87,0.31
2025-03-23,TechFlow_Holiday_Promotion,30495,28980,4365,569,60,7071.48,15.06,13.04,0.2
2025-03-24,TechFlow_Newsletter_Weekly,25971,25590,7947,838,28,38471.45,31.06,10.54,0.11
2025-03-24,TechFlow_Product_Launch,32649,31551,9469,1275,84,30360.22,30.01,13.46,0.26
2025-03-24,TechFlow_Webinar_Invitation,5179,5108,917,86,22,1957.88,17.95,9.38,0.42
2025-03-24,TechFlow_Case_Study_Showcase,13979,13360,2657,388,20,16333.42,19.89,14.6,0.14
2025-03-24,TechFlow_Holiday_Promotion,40407,39166,6527,576,151,7646.11,16.66,8.82,0.37
2025-03-25,TechFlow_Newsletter_Weekly,5864,5585,1411,173,14,6666.74,25.26,12.26,0.24
2025-03-25,TechFlow_Product_Launch,41460,39564,11698,805,127,25909.18,29.57,6.88,0.31
2025-03-25,TechFlow_Webinar_Invitation,8075,7679,1935,252,20,8414.19,25.2,13.02,0.25
2025-03-25,TechFlow_Case_Study_Showcase,10618,10308,2839,205,49,4494.8,27.54,7.22,0.46
2025-03-25,TechFlow_Holiday_Promotion,35742,34070,5587,454,134,17665.29,16.4,8.13,0.37
2025-03-26,TechFlow_Newsletter_Weekly,39638,38969,10380,1173,165,56410.52,26.64,11.3,0.42
2025-03-26,TechFlow_Product_Launch,35116,33786,9487,627,49,26743.34,28.08,6.61,0.14
2025-03-26,TechFlow_Webinar_Invitation,22713,21711,7514,1048,34,20071.26,34.61,13.95,0.15
2025-03-26,TechFlow_Case_Study_Showcase,36891,35069,5849,800,66,35416.03,16.68,13.68,0.18
2025-03-26,TechFlow_Holiday_Promotion,31826,30705,8107,1006,126,11060.03,26.4,12.41,0.4
2025-03-27,TechFlow_Newsletter_Weekly,29072,28387,9460,897,85,14722.73,33.33,9.48,0.29
2025-03-27,TechFlow_Product_Launch,38802,38395,10526,1230,71,40757.24,27.42,11.69,0.18
2025-03-27,TechFlow_Webinar_Invitation,36888,35561,12331,707,163,20758.18,34.68,5.73,0.44
2025-03-27,TechFlow_Case_Study_Showcase,32666,31171,7808,490,122,10898.48,25.05,6.28,0.37
2025-03-27,TechFlow_Holiday_Promotion,22741,21842,6011,592,48,8522.88,27.52,9.85,0.21
2025-03-28,TechFlow_Newsletter_Weekly,24507,24224,5104,644,80,15836.91,21.07,12.62,0.33
2025-03-28,TechFlow_Product_Launch,33007,32455,6352,942,33,35821.65,19.57,14.83,0.1
2025-03-28,TechFlow_Webinar_Invitation,43974,41971,12855,1271,146,50382.5,30.63,9.89,0.33
2025-03-28,TechFlow_Case_Study_Showcase,39290,38610,7367,831,97,14401.52,19.08,11.28,0.25
2025-03-28,TechFlow_Holiday_Promotion,7534,7281,1433,142,34,5991.3,19.68,9.91,0.45
2025-03-29,TechFlow_Newsletter_Weekly,22398,21603,4877,618,100,13384.92,22.58,12.67,0.45
2025-03-29,TechFlow_Product_Launch,45083,43040,10835,1175,48,34221.35,25.17,10.84,0.11
2025-03-29,TechFlow_Webinar_Invitation,20121,19725,4131,525,22,6930.35,20.94,12.71,0.11
2025-03-29,TechFlow_Case_Study_Showcase,13896,13561,3532,425,52,11650.2,26.05,12.03,0.37
2025-03-29,TechFlow_Holiday_Promotion,19356,18507,4980,301,30,5530.8,26.91,6.04,0.15
2025-03-30,TechFlow_Newsletter_Weekly,42936,41509,10128,1443,141,29162.46,24.4,14.25,0.33
2025-03-30,TechFlow_Product_Launch,43795,41978,13087,1746,53,61181.08,31.18,13.34,0.12
2025-03-30,TechFlow_Webinar_Invitation,29670,29300,7627,947,123,30878.57,26.03,12.42,0.41
2025-03-30,TechFlow_Case_Study_Showcase,17393,16656,5415,301,42,6816.56,32.51,5.56,0.24
2025-03-30,TechFlow_Holiday_Promotion,40564,39238,9778,1375,153,27534.61,24.92,14.06,0.38
2025-03-31,TechFlow_Newsletter_Weekly,11133,10749,2661,355,27,14741.6,24.76,13.34,0.24
2025-03-31,TechFlow_Product_Launch,45947,45172,15717,1778,58,76071.13,34.79,11.31,0.13
2025-03-31,TechFlow_Webinar_Invitation,44424,42234,10404,1386,56,46193.39,24.63,13.32,0.13
2025-03-31,TechFlow_Case_Study_Showcase,45484,43485,12788,1446,71,29706.94,29.41,11.31,0.16
2025-03-31,TechFlow_Holiday_Promotion,37140,35831,10247,1115,159,41649.73,28.6,10.88,0.43
2025-04-01,TechFlow_Newsletter_Weekly,49578,48359,12885,776,86,36993.89,26.64,6.02,0.17
2025-04-01,TechFlow_Product_Launch,20581,20083,3291,370,69,15126.88,16.39,11.24,0.34
2025-04-01,TechFlow_Webinar_Invitation,34742,33132,10732,1100,160,33008.14,32.39,10.25,0.46
2025-04-01,TechFlow_Case_Study_Showcase,47187,45358,12041,710,152,25550.81,26.55,5.9,0.32
2025-04-01,TechFlow_Holiday_Promotion,14608,14249,3691,440,47,21758.91,25.9,11.92,0.32
2025-04-02,TechFlow_Newsletter_Weekly,33121,31842,10232,1437,53,57724.85,32.13,14.04,0.16
2025-04-02,TechFlow_Product_Launch,48727,47201,7332,830,242,26935.15,15.53,11.32,0.5
2025-04-02,TechFlow_Webinar_Invitation,16685,16158,4269,343,46,5974.91,26.42,8.03,0.28
2025-04-02,TechFlow_Case_Study_Showcase,36389,35405,10939,729,116,21316.76,30.9,6.66,0.32
2025-04-02,TechFlow_Holiday_Promotion,38335,37188,10069,720,57,17646.31,27.08,7.15,0.15
2025-04-03,TechFlow_Newsletter_Weekly,19800,19133,2976,317,46,10597.82,15.55,10.65,0.23
2025-04-03,TechFlow_Product_Launch,19235,18376,3497,435,91,4812.95,19.03,12.44,0.47
2025-04-03,TechFlow_Webinar_Invitation,26521,26092,8223,1218,101,55861.06,31.52,14.81,0.38
2025-04-03,TechFlow_Case_Study_Showcase,48270,47458,10755,1343,151,30491.71,22.66,12.49,0.31
2025-04-03,TechFlow_Holiday_Promotion,39212,38791,10918,865,101,43235.33,28.15,7.92,0.26
2025-04-04,TechFlow_Newsletter_Weekly,29657,28466,6780,702,89,26121.1,23.82,10.35,0.3
2025-04-04,TechFlow_Product_Launch,17101,16349,4157,500,30,16403.89,25.43,12.03,0.18
2025-04-04,TechFlow_Webinar_Invitation,8055,7969,2601,368,38,5777.67,32.64,14.15,0.47
2025-04-04,TechFlow_Case_Study_Showcase,31357,30808,9409,1358,131,39396.42,30.54,14.43,0.42
2025-04-04,TechFlow_Holiday_Promotion,46608,45357,14906,793,67,35579.64,32.86,5.32,0.14
2025-04-05,TechFlow_Newsletter_Weekly,22604,21669,4413,343,63,5353.68,20.37,7.77,0.28
2025-04-05,TechFlow_Product_Launch,14682,14441,3709,481,70,20611.28,25.68,12.97,0.48
2025-04-05,TechFlow_Webinar_Invitation,38010,36981,10128,1488,66,44998.61,27.39,14.69,0.17
2025-04-05,TechFlow_Case_Study_Showcase,19118,18842,6092,641,59,28583.12,32.33,10.52,0.31
2025-04-05,TechFlow_Holiday_Promotion,20119,19509,5824,762,96,28683.33,29.85,13.08,0.48
2025-04-06,TechFlow_Newsletter_Weekly,7736,7388,2518,220,23,9088.46,34.08,8.74,0.3
2025-04-06,TechFlow_Product_Launch,20876,20072,4123,531,85,22634.18,20.54,12.88,0.41
2025-04-06,TechFlow_Webinar_Invitation,5587,5474,1587,151,25,5476.09,28.99,9.51,0.45
2025-04-06,TechFlow_Case_Study_Showcase,20397,19511,3057,385,38,7010.82,15.67,12.59,0.19
2025-04-06,TechFlow_Holiday_Promotion,26336,25992,5088,639,62,19473.01,19.58,12.56,0.24
2025-04-07,TechFlow_Newsletter_Weekly,28707,27848,4731,649,101,10683.83,16.99,13.72,0.35
2025-04-07,TechFlow_Product_Launch,37742,37116,9176,509,149,20820.71,24.72,5.55,0.39
2025-04-07,TechFlow_Webinar_Invitation,16790,16295,5194,775,75,14529.2,31.87,14.92,0.45
2025-04-07,TechFlow_Case_Study_Showcase,6567,6276,1551,86,19,4188.94,24.71,5.54,0.29
2025-04-07,TechFlow_Holiday_Promotion,17955,17570,3693,429,86,17464.5,21.02,11.62,0.48
2025-04-08,TechFlow_Newsletter_Weekly,46047,44430,12643,773,148,14516.9,28.46,6.11,0.32
2025-04-08,TechFlow_Product_Launch,15013,14776,2224,133,48,6305.68,15.05,5.98,0.32
2025-04-08,TechFlow_Webinar_Invitation,31564,30027,9958,592,96,6429.85,33.16,5.94,0.3
2025-04-08,TechFlow_Case_Study_Showcase,22882,22302,3742,514,77,6533.54,16.78,13.74,0.34
2025-04-08,TechFlow_Holiday_Promotion,25938,24834,5209,444,108,8355.72,20.98,8.52,0.42
2025-04-09,TechFlow_Newsletter_Weekly,10076,9762,2575,343,32,5233.19,26.38,13.32,0.32
2025-04-09,TechFlow_Product_Launch,32889,32518,8114,976,62,37324.22,24.95,12.03,0.19
2025-04-09,TechFlow_Webinar_Invitation,18076,17816,6105,478,67,15828.93,34.27,7.83,0.37
2025-04-09,TechFlow_Case_Study_Showcase,31920,30327,6244,853,157,10210.13,20.59,13.66,0.49
2025-04-09,TechFlow_Holiday_Promotion,31229,30872,5541,364,141,7521.52,17.95,6.57,0.45
2025-04-10,TechFlow_Newsletter_Weekly,13770,13619,2769,347,64,8061.81,20.33,12.53,0.46
2025-04-10,TechFlow_Product_Launch,5003,4817,1360,73,7,3454.43,28.23,5.37,0.14
2025-04-10,TechFlow_Webinar_Invitation,30785,29896,7422,914,86,30156.03,24.83,12.31,0.28
2025-04-10,TechFlow_Case_Study_Showcase,44814,43915,13740,973,115,45000.73,31.29,7.08,0.26
2025-04-10,TechFlow_Holiday_Promotion,35105,33867,10610,1467,143,30043.16,31.33,13.83,0.41
2025-04-11,TechFlow_Newsletter_Weekly,28368,27018,8674,1028,73,19147.08,32.1,11.85,0.26
2025-04-11,TechFlow_Product_Launch,35467,34655,8591,598,133,9487.97,24.79,6.96,0.37
2025-04-11,TechFlow_Webinar_Invitation,9505,9262,3174,205,19,6352.9,34.27,6.46,0.2
2025-04-11,TechFlow_Case_Study_Showcase,25821,24789,5418,569,37,17156.64,21.86,10.5,0.14
2025-04-11,TechFlow_Holiday_Promotion,12642,12399,2389,170,45,4023.15,19.27,7.12,0.36
2025-04-12,TechFlow_Newsletter_Weekly,47194,46434,10302,1349,229,62423.05,22.19,13.09,0.49
2025-04-12,TechFlow_Product_Launch,15225,15055,5063,346,59,8766.15,33.63,6.83,0.39
2025-04-12,TechFlow_Webinar_Invitation,33129,31494,8156,949,84,41243.72,25.9,11.64,0.25
2025-04-12,TechFlow_Case_Study_Showcase,28135,26761,7940,765,64,32627.72,29.67,9.63,0.23
2025-04-12,TechFlow_Holiday_Promotion,18812,18083,3521,363,18,12560.84,19.47,10.31,0.1
2025-04-13,TechFlow_Newsletter_Weekly,24222,23136,5014,481,44,14611.26,21.67,9.59,0.18
2025-04-13,TechFlow_Product_Launch,30470,29812,6416,613,115,21027.1,21.52,9.55,0.38
2025-04-13,TechFlow_Webinar_Invitation,31156,30650,5477,703,71,18807.85,17.87,12.84,0.23
2025-04-13,TechFlow_Case_Study_Showcase,13333,13042,3625,376,42,6366.93,27.79,10.37,0.32
2025-04-13,TechFlow_Holiday_Promotion,31566,30926,9598,611,118,7007.39,31.04,6.37,0.37
2025-04-14,TechFlow_Newsletter_Weekly,46290,44973,9884,569,61,17934.67,21.98,5.76,0.13
2025-04-14,TechFlow_Product_Launch,49126,48265,15953,1547,121,37176.3,33.05,9.7,0.25
2025-04-14,TechFlow_Webinar_Invitation,17793,16974,3643,477,64,15249.16,21.46,13.09,0.36
2025-04-14,TechFlow_Case_Study_Showcase,23048,22338,4274,247,104,10562.09,19.13,5.78,0.45
2025-04-14,TechFlow_Holiday_Promotion,20467,20214,4224,409,48,12404.41,20.9,9.68,0.23
2025-04-15,TechFlow_Newsletter_Weekly,33719,33199,11098,1528,53,37123.06,33.43,13.77,0.16
2025-04-15,TechFlow_Product_Launch,47505,45563,14173,1544,141,72985.76,31.11,10.89,0.3
2025-04-15,TechFlow_Webinar_Invitation,34568,32879,6452,614,97,28236.62,19.62,9.52,0.28
2025-04-15,TechFlow_Case_Study_Showcase,10722,10403,1733,247,34,8119.25,16.66,14.25,0.32
2025-04-15,TechFlow_Holiday_Promotion,12430,11997,3521,185,52,2094.69,29.35,5.25,0.42
2025-04-16,TechFlow_Newsletter_Weekly,29955,29621,5385,500,122,7350.57,18.18,9.29,0.41
2025-04-16,TechFlow_Product_Launch,28540,27829,7975,1097,140,37119.15,28.66,13.76,0.49
2025-04-16,TechFlow_Webinar_Invitation,27084,26272,9113,868,103,26866.98,34.69,9.52,0.38
2025-04-16,TechFlow_Case_Study_Showcase,28329,27820,7415,905,99,45192.97,26.65,12.2,0.35
2025-04-16,TechFlow_Holiday_Promotion,14455,13934,2913,298,50,14543.6,20.91,10.23,0.35
2025-04-17,TechFlow_Newsletter_Weekly,26971,26631,7204,611,45,28521.88,27.05,8.48,0.17
2025-04-17,TechFlow_Product_Launch,11727,11178,1787,187,52,8535.8,15.99,10.46,0.44
2025-04-17,TechFlow_Webinar_Invitation,46854,45282,15831,1537,181,36811.07,34.96,9.71,0.39
2025-04-17,TechFlow_Case_Study_Showcase,39350,38515,11115,1496,139,16253.4,28.86,13.46,0.35
2025-04-17,TechFlow_Holiday_Promotion,16848,16448,3057,283,73,8185.26,18.59,9.26,0.43
2025-04-18,TechFlow_Newsletter_Weekly,34320,33880,9835,932,107,29121.59,29.03,9.48,0.31
2025-04-18,TechFlow_Product_Launch,29493,28834,8302,842,41,41012.17,28.79,10.14,0.14
2025-04-18,TechFlow_Webinar_Invitation,8978,8535,2276,120,14,2940.19,26.67,5.27,0.16
2025-04-18,TechFlow_Case_Study_Showcase,29429,28858,5699,645,114,16168.49,19.75,11.32,0.39
2025-04-18,TechFlow_Holiday_Promotion,8582,8285,2688,354,14,11676.76,32.44,13.17,0.16
2025-04-19,TechFlow_Newsletter_Weekly,12502,12161,2421,230,34,10661.6,19.91,9.5,0.27
2025-04-19,TechFlow_Product_Launch,41375,40958,13166,720,52,14489.87,32.15,5.47,0.13
2025-04-19,TechFlow_Webinar_Invitation,15952,15177,4423,383,63,17203.4,29.14,8.66,0.39
2025-04-19,TechFlow_Case_Study_Showcase,22388,21407,3890,342,26,5228.26,18.17,8.79,0.12
2025-04-19,TechFlow_Holiday_Promotion,34388,33614,10926,1396,144,63456.81,32.5,12.78,0.42
2025-04-20,TechFlow_Newsletter_Weekly,15427,15243,4708,354,33,5804.47,30.89,7.52,0.21
2025-04-20,TechFlow_Product_Launch,39751,37772,5868,502,188,5426.73,15.54,8.55,0.47
2025-04-20,TechFlow_Webinar_Invitation,15012,14505,3929,587,51,16552.49,27.09,14.94,0.34
2025-04-20,TechFlow_Case_Study_Showcase,33325,31984,9130,1236,97,54758.02,28.55,13.54,0.29
2025-04-20,TechFlow_Holiday_Promotion,33122,32111,5928,588,156,13335.23,18.46,9.92,0.47
2025-04-21,TechFlow_Newsletter_Weekly,5588,5463,1837,115,26,4779.5,33.63,6.26,0.47
2025-04-21,TechFlow_Product_Launch,45505,44539,9594,701,72,23542.33,21.54,7.31,0.16
2025-04-21,TechFlow_Webinar_Invitation,39594,38357,12673,1446,108,61990.79,33.04,11.41,0.27
2025-04-21,TechFlow_Case_Study_Showcase,48250,47541,16454,1418,202,65575.78,34.61,8.62,0.42
2025-04-21,TechFlow_Holiday_Promotion,21976,20994,5728,426,106,15535.52,27.28,7.44,0.48
2025-04-22,TechFlow_Newsletter_Weekly,46153,44265,9947,598,141,21614.16,22.47,6.01,0.31
2025-04-22,TechFlow_Product_Launch,41950,40174,11898,1463,149,44558.57,29.62,12.3,0.36
2025-04-22,TechFlow_Webinar_Invitation,25141,24766,8177,599,68,24433.26,33.02,7.33,0.27
2025-04-22,TechFlow_Case_Study_Showcase,22976,22048,6927,618,73,19749.29,31.42,8.92,0.32
2025-04-22,TechFlow_Holiday_Promotion,22617,22314,5577,335,96,9228.59,24.99,6.01,0.42
2025-04-23,TechFlow_Newsletter_Weekly,37441,35958,7081,1014,137,49679.1,19.69,14.32,0.37
2025-04-23,TechFlow_Product_Launch,25945,24795,5310,782,87,23927.55,21.42,14.73,0.34
2025-04-23,TechFlow_Webinar_Invitation,45672,43634,11224,1665,71,47351.12,25.72,14.83,0.16
2025-04-23,TechFlow_Case_Study_Showcase,23295,22546,7341,474,97,10668.44,32.56,6.46,0.42
2025-04-23,TechFlow_Holiday_Promotion,7511,7304,2113,165,15,6346.67,28.93,7.81,0.2
2025-04-24,TechFlow_Newsletter_Weekly,34089,33693,9593,1413,121,70229.05,28.47,14.73,0.35
2025-04-24,TechFlow_Product_Launch,29229,28467,7390,674,91,20349.58,25.96,9.12,0.31
2025-04-24,TechFlow_Webinar_Invitation,27228,26734,5836,397,33,17603.71,21.83,6.8,0.12
2025-04-24,TechFlow_Case_Study_Showcase,36277,35442,10832,1219,99,30847.84,30.56,11.25,0.27
2025-04-24,TechFlow_Holiday_Promotion,20352,19787,3516,303,40,6625.87,17.77,8.62,0.2
2025-04-25,TechFlow_Newsletter_Weekly,29018,27766,8093,1059,39,35750.08,29.15,13.09,0.13
2025-04-25,TechFlow_Product_Launch,36664,35924,12468,1243,142,12603.57,34.71,9.97,0.39
2025-04-25,TechFlow_Webinar_Invitation,33490,32046,5740,571,44,22177.1,17.91,9.95,0.13
2025-04-25,TechFlow_Case_Study_Showcase,31318,29883,5804,702,96,26676.17,19.42,12.1,0.31
2025-04-25,TechFlow_Holiday_Promotion,35792,34915,7855,500,86,16013.29,22.5,6.37,0.24
2025-04-26,TechFlow_Newsletter_Weekly,31530,30983,9855,679,108,7106.07,31.81,6.89,0.34
2025-04-26,TechFlow_Product_Launch,38915,37714,10303,1485,139,31344.28,27.32,14.41,0.36
2025-04-26,TechFlow_Webinar_Invitation,18333,17631,5636,502,82,16522.74,31.97,8.91,0.45
2025-04-26,TechFlow_Case_Study_Showcase,7475,7336,1257,161,16,3421.23,17.13,12.81,0.21
2025-04-26,TechFlow_Holiday_Promotion,34234,32862,6851,982,168,47712.74,20.85,14.33,0.49
2025-04-27,TechFlow_Newsletter_Weekly,29836,28772,8123,791,137,13284.67,28.23,9.74,0.46
2025-04-27,TechFlow_Product_Launch,49264,47654,8662,939,188,23976.18,18.18,10.84,0.38
2025-04-27,TechFlow_Webinar_Invitation,28236,27184,8978,1001,64,34396.01,33.03,11.15,0.23
2025-04-27,TechFlow_Case_Study_Showcase,29274,27858,6084,707,105,7968.72,21.84,11.62,0.36
2025-04-27,TechFlow_Holiday_Promotion,20952,20537,4831,585,35,7595.61,23.52,12.11,0.17
2025-04-28,TechFlow_Newsletter_Weekly,42401,40768,7714,1039,193,39786.6,18.92,13.47,0.46
2025-04-28,TechFlow_Product_Launch,23226,22181,3386,477,90,11963.35,15.27,14.09,0.39
2025-04-28,TechFlow_Webinar_Invitation,30762,29551,10293,555,47,17033.25,34.83,5.39,0.15
2025-04-28,TechFlow_Case_Study_Showcase,25867,25353,7192,731,35,17476.22,28.37,10.16,0.14
2025-04-28,TechFlow_Holiday_Promotion,8642,8417,1596,177,32,2908.06,18.96,11.09,0.37
2025-04-29,TechFlow_Newsletter_Weekly,42041,40445,12387,735,131,11334.26,30.63,5.93,0.31
2025-04-29,TechFlow_Product_Launch,42860,41766,7433,449,135,21159.44,17.8,6.04,0.31
2025-04-29,TechFlow_Webinar_Invitation,9654,9395,1614,101,18,4256.67,17.18,6.26,0.19
2025-04-29,TechFlow_Case_Study_Showcase,27250,26058,4712,354,52,9729.71,18.08,7.51,0.19
2025-04-29,TechFlow_Holiday_Promotion,9748,9331,1656,128,41,3384.13,17.75,7.73,0.42
2025-04-30,TechFlow_Newsletter_Weekly,45836,44512,11913,1424,78,46031.31,26.76,11.95,0.17
2025-04-30,TechFlow_Product_Launch,17093,16733,5503,656,27,26823.61,32.89,11.92,0.16
2025-04-30,TechFlow_Webinar_Invitation,5767,5536,855,48,18,1041.62,15.44,5.61,0.31
2025-04-30,TechFlow_Case_Study_Showcase,20808,20447,3184,438,46,17525.38,15.57,13.76,0.22
2025-04-30,TechFlow_Holiday_Promotion,17822,17215,5477,543,78,16271.61,31.82,9.91,0.44
2025-05-01,TechFlow_Newsletter_Weekly,6003,5914,1693,173,10,3424.71,28.63,10.22,0.17
2025-05-01,TechFlow_Product_Launch,14154,13946,2845,354,63,15868.44,20.4,12.44,0.45
2025-05-01,TechFlow_Webinar_Invitation,26273,25863,6572,765,42,20027.89,25.41,11.64,0.16
2025-05-01,TechFlow_Case_Study_Showcase,31315,30425,9960,1135,55,12235.27,32.74,11.4,0.18
2025-05-01,TechFlow_Holiday_Promotion,16700,16095,3393,477,80,9695.98,21.08,14.06,0.48
2025-05-02,TechFlow_Newsletter_Weekly,10187,9874,2108,255,39,12217.92,21.35,12.1,0.38
2025-05-02,TechFlow_Product_Launch,19603,19297,4223,561,67,16349.21,21.88,13.28,0.34
2025-05-02,TechFlow_Webinar_Invitation,10434,10319,1632,164,40,2608.35,15.82,10.05,0.38
2025-05-02,TechFlow_Case_Study_Showcase,6203,6076,1541,173,9,5304.06,25.36,11.23,0.15
2025-05-02,TechFlow_Holiday_Promotion,12394,11878,3349,452,43,18894.92,28.19,13.5,0.35
2025-05-03,TechFlow_Newsletter_Weekly,47138,44857,11928,618,220,10318.39,26.59,5.18,0.47
2025-05-03,TechFlow_Product_Launch,11059,10672,2748,374,28,6385.12,25.75,13.61,0.25
2025-05-03,TechFlow_Webinar_Invitation,17721,17092,4243,429,35,5304.07,24.82,10.11,0.2
2025-05-03,TechFlow_Case_Study_Showcase,24849,23842,5868,486,50,16239.15,24.61,8.28,0.2
2025-05-03,TechFlow_Holiday_Promotion,20560,19942,3850,460,37,18289.4,19.31,11.95,0.18
2025-05-04,TechFlow_Newsletter_Weekly,23900,23470,4176,470,55,6313.35,17.79,11.25,0.23
2025-05-04,TechFlow_Product_Launch,13333,12765,3836,273,52,12808.01,30.05,7.12,0.39
2025-05-04,TechFlow_Webinar_Invitation,39139,37669,6489,721,45,12898.09,17.23,11.11,0.11
2025-05-04,TechFlow_Case_Study_Showcase,7840,7725,2457,323,34,6534.49,31.81,13.15,0.43
2025-05-04,TechFlow_Holiday_Promotion,12965,12443,2092,202,24,3572.85,16.81,9.66,0.19
2025-05-05,TechFlow_Newsletter_Weekly,28933,28621,7186,400,46,6945.55,25.11,5.57,0.16
2025-05-05,TechFlow_Product_Launch,20094,19518,3638,199,51,3075.12,18.64,5.47,0.25
2025-05-05,TechFlow_Webinar_Invitation,45728,43578,12023,1261,59,33857.75,27.59,10.49,0.13
2025-05-05,TechFlow_Case_Study_Showcase,8683,8569,1638,137,15,1386.19,19.12,8.36,0.17
2025-05-05,TechFlow_Holiday_Promotion,37315,36922,10414,979,177,10334.04,28.21,9.4,0.47
2025-05-06,TechFlow_Newsletter_Weekly,46659,45061,12574,1617,166,78336.29,27.9,12.86,0.36
2025-05-06,TechFlow_Product_Launch,21688,20873,4271,387,68,9805.22,20.46,9.06,0.31
2025-05-06,TechFlow_Webinar_Invitation,26814,25863,6671,524,71,19627.93,25.79,7.85,0.26
2025-05-06,TechFlow_Case_Study_Showcase,17885,17125,3623,245,39,6472.13,21.16,6.76,0.22
2025-05-06,TechFlow_Holiday_Promotion,25516,24991,5885,431,43,9224.75,23.55,7.32,0.17
2025-05-07,TechFlow_Newsletter_Weekly,34628,33469,9697,962,138,12733.41,28.97,9.92,0.4
2025-05-07,TechFlow_Product_Launch,7253,6898,2295,332,7,15530.29,33.27,14.47,0.1
2025-05-07,TechFlow_Webinar_Invitation,14836,14250,4577,643,41,14542.63,32.12,14.05,0.28
2025-05-07,TechFlow_Case_Study_Showcase,33875,32245,10354,1044,126,48816.5,32.11,10.08,0.37
2025-05-07,TechFlow_Holiday_Promotion,7676,7370,1697,162,12,5578.31,23.03,9.55,0.16
2025-05-08,TechFlow_Newsletter_Weekly,49868,49165,9055,541,87,11567.23,18.42,5.97,0.17
2025-05-08,TechFlow_Product_Launch,35372,34422,8363,1065,134,27651.21,24.3,12.73,0.38
2025-05-08,TechFlow_Webinar_Invitation,43617,42230,11269,988,111,34117.01,26.68,8.77,0.25
2025-05-08,TechFlow_Case_Study_Showcase,9405,9024,2464,351,21,13059.8,27.3,14.25,0.22
2025-05-08,TechFlow_Holiday_Promotion,33753,32094,7001,371,51,12462.03,21.81,5.3,0.15
2025-05-09,TechFlow_Newsletter_Weekly,7069,6878,1409,109,27,3484.84,20.49,7.74,0.38
2025-05-09,TechFlow_Product_Launch,27275,26472,7921,807,78,8394.63,29.92,10.19,0.29
2025-05-09,TechFlow_Webinar_Invitation,12632,12345,3758,276,51,7410.59,30.44,7.34,0.4
2025-05-09,TechFlow_Case_Study_Showcase,20930,20720,5151,444,30,8526.46,24.86,8.62,0.14
2025-05-09,TechFlow_Holiday_Promotion,36134,34804,10362,875,85,30616.05,29.77,8.44,0.24
2025-05-10,TechFlow_Newsletter_Weekly,20289,19916,6657,580,73,27978.1,33.43,8.71,0.36
2025-05-10,TechFlow_Product_Launch,7819,7587,2522,143,21,2897.6,33.24,5.67,0.27
2025-05-10,TechFlow_Webinar_Invitation,33221,32480,4945,527,60,23095.76,15.22,10.66,0.18
2025-05-10,TechFlow_Case_Study_Showcase,25401,24498,4017,488,53,11191.02,16.4,12.15,0.21
2025-05-10,TechFlow_Holiday_Promotion,10181,9876,1859,95,39,972.12,18.82,5.11,0.38
2025-05-11,TechFlow_Newsletter_Weekly,34895,34169,9654,528,127,5460.97,28.25,5.47,0.36
2025-05-11,TechFlow_Product_Launch,35208,33793,7066,489,126,13796.94,20.91,6.92,0.36
2025-05-11,TechFlow_Webinar_Invitation,33374,32560,4912,678,99,11894.84,15.09,13.8,0.3
2025-05-11,TechFlow_Case_Study_Showcase,48057,46671,13553,1643,226,64294.76,29.04,12.12,0.47
2025-05-11,TechFlow_Holiday_Promotion,16544,16070,3770,233,26,8344.64,23.46,6.18,0.16
2025-05-12,TechFlow_Newsletter_Weekly,6215,6056,1198,113,7,2629.08,19.78,9.43,0.11
2025-05-12,TechFlow_Product_Launch,20568,20285,4961,706,79,31485.97,24.46,14.23,0.38
2025-05-12,TechFlow_Webinar_Invitation,9733,9268,1851,192,23,7781.08,19.97,10.37,0.24
2025-05-12,TechFlow_Case_Study_Showcase,20092,19137,2966,274,43,7319.97,15.5,9.24,0.21
2025-05-12,TechFlow_Holiday_Promotion,40096,38363,5782,658,194,11437.51,15.07,11.38,0.48
2025-05-13,TechFlow_Newsletter_Weekly,33647,32401,7680,510,159,23870.34,23.7,6.64,0.47
2025-05-13,TechFlow_Product_Launch,14938,14373,4682,496,37,10800.63,32.57,10.59,0.25
2025-05-13,TechFlow_Webinar_Invitation,21888,21204,6891,925,66,41063.95,32.5,13.42,0.3
2025-05-13,TechFlow_Case_Study_Showcase,42045,41108,7668,525,73,18634.14,18.65,6.85,0.17
2025-05-13,TechFlow_Holiday_Promotion,10130,9812,1613,206,21,3070.81,16.44,12.77,0.21
2025-05-14,TechFlow_Newsletter_Weekly,38280,37803,11708,1611,64,65583.14,30.97,13.76,0.17
2025-05-14,TechFlow_Product_Launch,12954,12394,3961,442,61,14341.13,31.96,11.16,0.47
2025-05-14,TechFlow_Webinar_Invitation,6625,6425,1913,129,17,1462.72,29.77,6.74,0.26
2025-05-14,TechFlow_Case_Study_Showcase,40819,39694,8199,902,144,42380.41,20.66,11.0,0.35
2025-05-14,TechFlow_Holiday_Promotion,46916,45440,11957,1342,188,55016.78,26.31,11.22,0.4
2025-05-15,TechFlow_Newsletter_Weekly,27224,26917,4308,466,65,6742.64,16.0,10.82,0.24
2025-05-15,TechFlow_Product_Launch,47304,46728,9610,972,85,35785.41,20.57,10.11,0.18
2025-05-15,TechFlow_Webinar_Invitation,8486,8271,1539,144,14,6922.01,18.61,9.36,0.16
2025-05-15,TechFlow_Case_Study_Showcase,21354,20754,4853,360,58,5779.52,23.38,7.42,0.27
2025-05-15,TechFlow_Holiday_Promotion,20741,19851,6074,373,22,16531.34,30.6,6.14,0.11
2025-05-16,TechFlow_Newsletter_Weekly,39361,37650,8531,925,123,12435.41,22.66,10.84,0.31
2025-05-16,TechFlow_Product_Launch,40138,39343,7396,970,76,45696.01,18.8,13.12,0.19
2025-05-16,TechFlow_Webinar_Invitation,26115,25435,5314,753,120,19536.84,20.89,14.17,0.46
2025-05-16,TechFlow_Case_Study_Showcase,8802,8676,1333,108,23,2422.58,15.36,8.1,0.26
2025-05-16,TechFlow_Holiday_Promotion,12487,12290,4133,358,52,11635.72,33.63,8.66,0.42
2025-05-17,TechFlow_Newsletter_Weekly,35234,34548,8357,429,43,20618.15,24.19,5.13,0.12
2025-05-17,TechFlow_Product_Launch,33910,32978,9784,1373,148,19073.14,29.67,14.03,0.44
2025-05-17,TechFlow_Webinar_Invitation,24417,23633,6169,751,100,16544.03,26.1,12.17,0.41
2025-05-17,TechFlow_Case_Study_Showcase,39255,37352,8403,962,49,32475.56,22.5,11.45,0.12
2025-05-17,TechFlow_Holiday_Promotion,14707,14546,3279,313,36,8962.09,22.54,9.55,0.24
2025-05-18,TechFlow_Newsletter_Weekly,47349,46482,15254,1137,110,42834.87,32.82,7.45,0.23
2025-05-18,TechFlow_Product_Launch,27449,26802,7944,765,69,12809.9,29.64,9.63,0.25
2025-05-18,TechFlow_Webinar_Invitation,46988,45395,8228,1056,199,21537.28,18.13,12.83,0.42
2025-05-18,TechFlow_Case_Study_Showcase,43859,42177,10983,970,123,44129.22,26.04,8.83,0.28
2025-05-18,TechFlow_Holiday_Promotion,10736,10610,2361,289,34,3868.96,22.25,12.24,0.32
2025-05-19,TechFlow_Newsletter_Weekly,47732,46840,8697,1250,154,51637.26,18.57,14.37,0.32
2025-05-19,TechFlow_Product_Launch,24845,23699,3738,188,82,3865.34,15.77,5.03,0.33
2025-05-19,TechFlow_Webinar_Invitation,45414,44183,10520,1266,114,33695.33,23.81,12.03,0.25
2025-05-19,TechFlow_Case_Study_Showcase,25056,24394,4658,497,43,8206.25,19.09,10.67,0.17
2025-05-19,TechFlow_Holiday_Promotion,34047,32371,6576,698,122,34519.57,20.31,10.61,0.36
2025-05-20,TechFlow_Newsletter_Weekly,28958,28544,9527,1006,100,36374.9,33.38,10.56,0.35
2025-05-20,TechFlow_Product_Launch,34828,33610,8269,563,36,14690.36,24.6,6.81,0.1
2025-05-20,TechFlow_Webinar_Invitation,44233,43738,7499,569,153,23847.02,17.15,7.59,0.35
2025-05-20,TechFlow_Case_Study_Showcase,10679,10338,3595,221,25,2737.09,34.77,6.15,0.23
2025-05-20,TechFlow_Holiday_Promotion,12330,11849,1908,211,29,7305.07,16.1,11.06,0.24
2025-05-21,TechFlow_Newsletter_Weekly,46788,45813,11776,1549,174,30320.44,25.7,13.15,0.37
2025-05-21,TechFlow_Product_Launch,15383,14792,2741,189,22,4916.32,18.53,6.9,0.14
2025-05-21,TechFlow_Webinar_Invitation,37878,37039,12184,1208,51,59658.28,32.9,9.91,0.13
2025-05-21,TechFlow_Case_Study_Showcase,21516,20847,4905,506,73,21527.27,23.53,10.32,0.34
2025-05-21,TechFlow_Holiday_Promotion,41519,40871,10629,1208,184,56967.93,26.01,11.37,0.44
2025-05-22,TechFlow_Newsletter_Weekly,38417,37186,9637,936,62,24056.03,25.92,9.71,0.16
2025-05-22,TechFlow_Product_Launch,13073,12595,3072,197,62,8223.85,24.39,6.41,0.47
2025-05-22,TechFlow_Webinar_Invitation,38675,37091,6811,756,84,31927.53,18.36,11.1,0.22
2025-05-22,TechFlow_Case_Study_Showcase,32729,32155,10324,542,137,17662.55,32.11,5.25,0.42
2025-05-22,TechFlow_Holiday_Promotion,13759,13557,3564,406,52,9207.66,26.29,11.39,0.38
2025-05-23,TechFlow_Newsletter_Weekly,15950,15292,3023,443,41,10387.86,19.77,14.65,0.26
2025-05-23,TechFlow_Product_Launch,5162,4938,1234,89,16,3832.88,24.99,7.21,0.31
2025-05-23,TechFlow_Webinar_Invitation,20305,19619,3783,493,63,15607.39,19.28,13.03,0.31
2025-05-23,TechFlow_Case_Study_Showcase,39601,38360,10812,1414,99,30715.89,28.19,13.08,0.25
2025-05-23,TechFlow_Holiday_Promotion,16090,15834,3095,295,47,11136.81,19.55,9.53,0.29
2025-05-24,TechFlow_Newsletter_Weekly,7932,7558,2371,170,21,4985.46,31.37,7.17,0.26
2025-05-24,TechFlow_Product_Launch,14330,13829,3176,261,66,7142.21,22.97,8.22,0.46
2025-05-24,TechFlow_Webinar_Invitation,47144,45187,13583,1036,193,41627.8,30.06,7.63,0.41
2025-05-24,TechFlow_Case_Study_Showcase,29177,28241,7972,677,83,24704.75,28.23,8.49,0.28
2025-05-24,TechFlow_Holiday_Promotion,11263,11005,2469,207,41,2439.98,22.44,8.38,0.36
2025-05-25,TechFlow_Newsletter_Weekly,7769,7422,1784,92,24,2285.61,24.04,5.16,0.31
2025-05-25,TechFlow_Product_Launch,35638,34568,10433,771,144,23112.5,30.18,7.39,0.4
2025-05-25,TechFlow_Webinar_Invitation,42257,40926,7646,430,127,9959.83,18.68,5.62,0.3
2025-05-25,TechFlow_Case_Study_Showcase,35842,35031,8198,1059,89,12700.76,23.4,12.92,0.25
2025-05-25,TechFlow_Holiday_Promotion,22857,22304,4892,456,101,8318.88,21.93,9.32,0.44
2025-05-26,TechFlow_Newsletter_Weekly,13075,12458,1994,111,56,2051.12,16.01,5.57,0.43
2025-05-26,TechFlow_Product_Launch,19503,18796,3752,282,80,7426.5,19.96,7.52,0.41
2025-05-26,TechFlow_Webinar_Invitation,29871,28701,9393,734,104,33545.33,32.73,7.81,0.35
2025-05-26,TechFlow_Case_Study_Showcase,29817,29057,5209,731,136,10936.74,17.93,14.03,0.46
2025-05-26,TechFlow_Holiday_Promotion,27843,27245,4482,558,82,20638.03,16.45,12.45,0.29
2025-05-27,TechFlow_Newsletter_Weekly,26146,25207,8202,597,117,14956.75,32.54,7.28,0.45
2025-05-27,TechFlow_Product_Launch,40108,38159,10794,1093,169,25552.14,28.29,10.13,0.42
2025-05-27,TechFlow_Webinar_Invitation,39824,39382,11633,1613,112,35055.2,29.54,13.87,0.28
2025-05-27,TechFlow_Case_Study_Showcase,31036,30314,6120,837,44,34061.49,20.19,13.68,0.14
2025-05-27,TechFlow_Holiday_Promotion,41261,39864,11031,1625,48,57639.45,27.67,14.73,0.12
2025-05-28,TechFlow_Newsletter_Weekly,40730,39765,9258,499,186,19774.18,23.28,5.39,0.46
2025-05-28,TechFlow_Product_Launch,49441,47683,9118,1119,188,12280.51,19.12,12.27,0.38
2025-05-28,TechFlow_Webinar_Invitation,7248,6995,1871,138,12,4671.68,26.75,7.38,0.17
2025-05-28,TechFlow_Case_Study_Showcase,35450,34979,6672,420,93,7111.7,19.07,6.29,0.26
2025-05-28,TechFlow_Holiday_Promotion,33576,32706,5753,856,62,42631.1,17.59,14.88,0.18
2025-05-29,TechFlow_Newsletter_Weekly,46486,45546,8984,729,86,18145.03,19.73,8.11,0.19
2025-05-29,TechFlow_Product_Launch,48802,47889,7704,814,118,26251.8,16.09,10.57,0.24
2025-05-29,TechFlow_Webinar_Invitation,44662,42779,7374,725,145,21686.17,17.24,9.83,0.32
2025-05-29,TechFlow_Case_Study_Showcase,12975,12624,3678,464,51,15593.48,29.13,12.62,0.39
2025-05-29,TechFlow_Holiday_Promotion,39024,37110,6695,730,119,23331.91,18.04,10.9,0.3
2025-05-30,TechFlow_Newsletter_Weekly,5417,5347,1863,268,26,6171.82,34.84,14.39,0.48
2025-05-30,TechFlow_Product_Launch,48165,46920,8089,915,86,35728.41,17.24,11.31,0.18
2025-05-30,TechFlow_Webinar_Invitation,25977,25336,4400,575,54,6599.2,17.37,13.07,0.21
2025-05-30,TechFlow_Case_Study_Showcase,17803,17239,4887,325,42,7900.12,28.35,6.65,0.24
2025-05-30,TechFlow_Holiday_Promotion,23053,22059,6485,355,83,14815.91,29.4,5.47,0.36
2025-05-31,TechFlow_Newsletter_Weekly,33656,32485,7704,587,92,17652.01,23.72,7.62,0.27
2025-05-31,TechFlow_Product_Launch,23726,23042,7884,801,105,11498.81,34.22,10.16,0.44
2025-05-31,TechFlow_Webinar_Invitation,11058,10943,3174,227,21,9261.1,29.0,7.15,0.19
2025-05-31,TechFlow_Case_Study_Showcase,5841,5761,977,126,10,6096.5,16.96,12.9,0.17
2025-05-31,TechFlow_Holiday_Promotion,20325,19439,3104,304,98,4612.81,15.97,9.79,0.48
2025-06-01,TechFlow_Newsletter_Weekly,33308,32538,6099,582,151,14176.13,18.74,9.54,0.45
2025-06-01,TechFlow_Product_Launch,21005,20745,3769,416,51,17195.52,18.17,11.04,0.24
2025-06-01,TechFlow_Webinar_Invitation,25975,24806,6550,552,118,13262.79,26.4,8.43,0.45
2025-06-01,TechFlow_Case_Study_Showcase,22145,21760,3546,238,82,5454.48,16.3,6.71,0.37
2025-06-01,TechFlow_Holiday_Promotion,48989,46666,16160,1613,158,47825.49,34.63,9.98,0.32
2025-06-02,TechFlow_Newsletter_Weekly,43118,41582,12003,1009,132,13817.64,28.87,8.41,0.31
2025-06-02,TechFlow_Product_Launch,30600,30115,5171,288,65,7769.86,17.17,5.57,0.21
2025-06-02,TechFlow_Webinar_Invitation,42247,41572,12239,779,188,24316.16,29.44,6.36,0.45
2025-06-02,TechFlow_Case_Study_Showcase,38223,36718,11933,1136,66,18266.87,32.5,9.52,0.17
2025-06-02,TechFlow_Holiday_Promotion,41420,39680,6045,435,88,15310.82,15.23,7.2,0.21
2025-06-03,TechFlow_Newsletter_Weekly,23678,22685,5516,413,89,17230.35,24.32,7.49,0.38
2025-06-03,TechFlow_Product_Launch,39086,38195,9728,528,172,9146.93,25.47,5.43,0.44
2025-06-03,TechFlow_Webinar_Invitation,42123,41298,9766,769,158,21759.26,23.65,7.87,0.38
2025-06-03,TechFlow_Case_Study_Showcase,26255,25384,6788,654,81,9454.59,26.74,9.63,0.31
2025-06-03,TechFlow_Holiday_Promotion,40212,39054,13515,1472,43,67294.32,34.61,10.89,0.11
2025-06-04,TechFlow_Newsletter_Weekly,5136,5012,1686,220,22,5342.55,33.64,13.05,0.43
2025-06-04,TechFlow_Product_Launch,11664,11206,2421,204,46,8311.69,21.6,8.43,0.39
2025-06-04,TechFlow_Webinar_Invitation,16913,16624,2901,184,48,6591.81,17.45,6.34,0.28
2025-06-04,TechFlow_Case_Study_Showcase,24271,23556,4169,611,80,25548.45,17.7,14.66,0.33
2025-06-04,TechFlow_Holiday_Promotion,41610,41129,12918,1817,199,30490.67,31.41,14.07,0.48
2025-06-05,TechFlow_Newsletter_Weekly,47079,46261,8198,676,94,14577.64,17.72,8.25,0.2
2025-06-05,TechFlow_Product_Launch,43693,42605,8966,680,86,11564.26,21.04,7.58,0.2
2025-06-05,TechFlow_Webinar_Invitation,13220,12577,2735,222,50,7731.21,21.75,8.12,0.38
2025-06-05,TechFlow_Case_Study_Showcase,8306,8137,2784,316,26,14892.88,34.21,11.35,0.31
2025-06-05,TechFlow_Holiday_Promotion,28858,28140,8130,806,121,38201.08,28.89,9.91,0.42
2025-06-06,TechFlow_Newsletter_Weekly,8006,7795,1556,137,15,2093.81,19.96,8.8,0.19
2025-06-06,TechFlow_Product_Launch,27612,26809,7807,603,33,6314.88,29.12,7.72,0.12
2025-06-06,TechFlow_Webinar_Invitation,15721,15212,2808,181,33,3325.56,18.46,6.45,0.21
2025-06-06,TechFlow_Case_Study_Showcase,12981,12762,3905,477,14,18076.79,30.6,12.22,0.11
2025-06-06,TechFlow_Holiday_Promotion,8333,7946,2673,325,8,11760.74,33.64,12.16,0.1
2025-06-07,TechFlow_Newsletter_Weekly,48479,46353,15503,1459,93,45234.75,33.45,9.41,0.19
2025-06-07,TechFlow_Product_Launch,23544,23012,6013,413,55,14831.5,26.13,6.87,0.23
2025-06-07,TechFlow_Webinar_Invitation,7596,7266,1732,184,19,7121.21,23.84,10.62,0.25
2025-06-07,TechFlow_Case_Study_Showcase,30321,29257,10105,1452,36,66933.4,34.54,14.37,0.12
2025-06-07,TechFlow_Holiday_Promotion,43028,41171,13036,1014,141,41319.74,31.66,7.78,0.33
2025-06-08,TechFlow_Newsletter_Weekly,32769,31442,8486,454,35,18849.69,26.99,5.35,0.11
2025-06-08,TechFlow_Product_Launch,43925,42305,6617,799,58,36336.28,15.64,12.07,0.13
2025-06-08,TechFlow_Webinar_Invitation,36662,35465,12143,854,58,28374.55,34.24,7.03,0.16
2025-06-08,TechFlow_Case_Study_Showcase,47594,46305,12987,939,132,45149.6,28.05,7.23,0.28
2025-06-08,TechFlow_Holiday_Promotion,9908,9446,1817,201,15,8407.03,19.24,11.06,0.15
2025-06-09,TechFlow_Newsletter_Weekly,34982,34317,10091,1172,76,38518.98,29.41,11.61,0.22
2025-06-09,TechFlow_Product_Launch,10393,9879,1839,217,35,6534.92,18.62,11.8,0.34
2025-06-09,TechFlow_Webinar_Invitation,38613,37691,11542,1710,168,24325.13,30.62,14.82,0.44
2025-06-09,TechFlow_Case_Study_Showcase,12549,12332,3782,496,18,12993.37,30.67,13.11,0.14
2025-06-09,TechFlow_Holiday_Promotion,37812,37170,12871,1259,104,13231.06,34.63,9.78,0.28
2025-06-10,TechFlow_Newsletter_Weekly,9564,9183,2296,213,46,2972.93,25.0,9.28,0.48
2025-06-10,TechFlow_Product_Launch,22522,21544,4203,350,86,16650.91,19.51,8.33,0.38
2025-06-10,TechFlow_Webinar_Invitation,31129,29785,8631,574,32,24563.58,28.98,6.65,0.1
2025-06-10,TechFlow_Case_Study_Showcase,15874,15339,4165,551,69,9873.82,27.15,13.23,0.43
2025-06-10,TechFlow_Holiday_Promotion,30813,30311,6195,356,122,14318.94,20.44,5.75,0.4
2025-06-11,TechFlow_Newsletter_Weekly,44982,44078,10163,1492,111,21412.03,23.06,14.68,0.25
2025-06-11,TechFlow_Product_Launch,29724,28366,9135,1081,116,26121.6,32.2,11.83,0.39
2025-06-11,TechFlow_Webinar_Invitation,40160,39297,12716,1048,52,32912.98,32.36,8.24,0.13
2025-06-11,TechFlow_Case_Study_Showcase,40694,39030,7113,830,190,13788.67,18.22,11.67,0.47
2025-06-11,TechFlow_Holiday_Promotion,45684,45019,13001,1370,101,46282.22,28.88,10.54,0.22
2025-06-12,TechFlow_Newsletter_Weekly,20604,19646,6352,803,51,40016.46,32.33,12.64,0.25
2025-06-12,TechFlow_Product_Launch,15264,14927,2856,258,41,11836.61,19.13,9.03,0.27
2025-06-12,TechFlow_Webinar_Invitation,15409,14651,2215,128,52,1361.21,15.12,5.78,0.34
2025-06-12,TechFlow_Case_Study_Showcase,40399,38991,12470,871,93,15341.37,31.98,6.98,0.23
2025-06-12,TechFlow_Holiday_Promotion,29007,28188,7951,1087,63,48546.88,28.21,13.67,0.22
2025-06-13,TechFlow_Newsletter_Weekly,25067,24125,5478,582,46,27081.02,22.71,10.62,0.18
2025-06-13,TechFlow_Product_Launch,34035,32473,5000,655,42,11023.58,15.4,13.1,0.12
2025-06-13,TechFlow_Webinar_Invitation,37263,36220,12451,1155,116,24481.53,34.38,9.28,0.31
2025-06-13,TechFlow_Case_Study_Showcase,45121,44441,11030,1569,136,66754.82,24.82,14.22,0.3
2025-06-13,TechFlow_Holiday_Promotion,32572,31623,9051,622,117,21053.49,28.62,6.87,0.36
2025-06-14,TechFlow_Newsletter_Weekly,35390,33786,5368,508,67,15920.18,15.89,9.46,0.19
2025-06-14,TechFlow_Product_Launch,37147,36219,11205,647,45,19826.55,30.94,5.77,0.12
2025-06-14,TechFlow_Webinar_Invitation,43906,42118,7230,749,173,34535.26,17.17,10.36,0.39
2025-06-14,TechFlow_Case_Study_Showcase,9896,9644,3085,299,42,3331.72,31.99,9.69,0.42
2025-06-14,TechFlow_Holiday_Promotion,40812,39875,13380,1418,118,61912.67,33.55,10.6,0.29
2025-06-15,TechFlow_Newsletter_Weekly,36088,34830,7379,973,59,10305.23,21.19,13.19,0.16
2025-06-15,TechFlow_Product_Launch,44345,42290,13702,1166,119,25321.34,32.4,8.51,0.27
2025-06-15,TechFlow_Webinar_Invitation,39981,38952,5943,387,176,9178.0,15.26,6.51,0.44
2025-06-15,TechFlow_Case_Study_Showcase,23027,22571,5429,388,59,8303.26,24.05,7.15,0.26
2025-06-15,TechFlow_Holiday_Promotion,7376,7022,2209,298,12,4305.1,31.46,13.49,0.16
2025-06-16,TechFlow_Newsletter_Weekly,33956,32389,5231,551,46,17973.62,16.15,10.53,0.14
2025-06-16,TechFlow_Product_Launch,37312,35769,11840,1321,154,19869.34,33.1,11.16,0.41
2025-06-16,TechFlow_Webinar_Invitation,40357,39430,8489,861,84,42957.91,21.53,10.14,0.21
2025-06-16,TechFlow_Case_Study_Showcase,49683,48448,8749,1116,117,31272.42,18.06,12.76,0.24
2025-06-16,TechFlow_Holiday_Promotion,12504,12168,2546,337,47,9125.09,20.92,13.24,0.38
2025-06-17,TechFlow_Newsletter_Weekly,30800,30159,8410,861,87,21517.03,27.89,10.24,0.28
2025-06-17,TechFlow_Product_Launch,17393,16932,5005,709,69,29329.84,29.56,14.17,0.4
2025-06-17,TechFlow_Webinar_Invitation,21640,20715,6773,967,65,24536.94,32.7,14.28,0.3
2025-06-17,TechFlow_Case_Study_Showcase,39843,38549,7160,453,125,14622.22,18.57,6.33,0.31
2025-06-17,TechFlow_Holiday_Promotion,40911,40017,10694,817,105,32217.6,26.72,7.64,0.26
2025-06-18,TechFlow_Newsletter_Weekly,32796,31524,8779,700,76,16045.17,27.85,7.97,0.23
2025-06-18,TechFlow_Product_Launch,41902,40979,11934,1224,143,46609.97,29.12,10.26,0.34
2025-06-18,TechFlow_Webinar_Invitation,23563,22511,7536,1085,84,22717.49,33.48,14.4,0.36
2025-06-18,TechFlow_Case_Study_Showcase,41703,40894,6229,575,204,8587.51,15.23,9.23,0.49
2025-06-18,TechFlow_Holiday_Promotion,25644,24880,4736,315,40,15559.77,19.04,6.65,0.16
2025-06-19,TechFlow_Newsletter_Weekly,7110,6847,1090,90,16,3515.84,15.92,8.26,0.23
2025-06-19,TechFlow_Product_Launch,26508,25420,5112,733,104,35676.44,20.11,14.34,0.39
2025-06-19,TechFlow_Webinar_Invitation,27022,26328,5780,382,56,11090.96,21.95,6.61,0.21
2025-06-19,TechFlow_Case_Study_Showcase,26933,26532,6515,939,67,20045.25,24.56,14.41,0.25
2025-06-19,TechFlow_Holiday_Promotion,27602,26499,8788,567,87,22401.89,33.16,6.45,0.32
2025-06-20,TechFlow_Newsletter_Weekly,45931,44499,7126,605,181,6780.73,16.01,8.49,0.39
2025-06-20,TechFlow_Product_Launch,16676,15985,3249,338,56,13380.31,20.33,10.4,0.34
2025-06-20,TechFlow_Webinar_Invitation,24848,23617,7644,542,77,11181.74,32.37,7.09,0.31
2025-06-20,TechFlow_Case_Study_Showcase,10521,10223,1886,117,12,5622.89,18.45,6.2,0.11
2025-06-20,TechFlow_Holiday_Promotion,9851,9706,3215,172,42,4316.82,33.12,5.35,0.43
2025-06-21,TechFlow_Newsletter_Weekly,23342,22216,4024,483,100,17774.92,18.11,12.0,0.43
2025-06-21,TechFlow_Product_Launch,42171,41125,13128,984,42,42123.16,31.92,7.5,0.1
2025-06-21,TechFlow_Webinar_Invitation,35949,34817,11213,1470,101,17047.99,32.21,13.11,0.28
2025-06-21,TechFlow_Case_Study_Showcase,8838,8584,2539,238,36,4907.53,29.58,9.37,0.41
2025-06-21,TechFlow_Holiday_Promotion,18655,17883,5415,340,79,16204.0,30.28,6.28,0.42
2025-06-22,TechFlow_Newsletter_Weekly,31333,30284,7049,432,41,4998.26,23.28,6.13,0.13
2025-06-22,TechFlow_Product_Launch,35637,33979,8672,908,157,21928.32,25.52,10.47,0.44
2025-06-22,TechFlow_Webinar_Invitation,44159,42705,8707,454,127,16615.84,20.39,5.21,0.29
2025-06-22,TechFlow_Case_Study_Showcase,40882,40366,11948,1564,72,75401.67,29.6,13.09,0.18
2025-06-22,TechFlow_Holiday_Promotion,21531,20782,4715,491,80,11951.25,22.69,10.41,0.37
2025-06-23,TechFlow_Newsletter_Weekly,22279,22013,6964,587,76,19854.6,31.64,8.43,0.34
2025-06-23,TechFlow_Product_Launch,8459,8084,1557,230,28,6053.97,19.26,14.77,0.33
2025-06-23,TechFlow_Webinar_Invitation,18183,17832,4317,286,90,10432.83,24.21,6.62,0.49
2025-06-23,TechFlow_Case_Study_Showcase,47490,45379,9310,1146,140,36688.88,20.52,12.31,0.29
2025-06-23,TechFlow_Holiday_Promotion,17924,17048,5753,672,75,23893.63,33.75,11.68,0.42
2025-06-24,TechFlow_Newsletter_Weekly,42273,40762,9802,946,110,25849.75,24.05,9.65,0.26
2025-06-24,TechFlow_Product_Launch,27090,25771,5972,438,86,17244.97,23.17,7.33,0.32
2025-06-24,TechFlow_Webinar_Invitation,46726,46115,12892,1076,109,33394.78,27.96,8.35,0.23
2025-06-24,TechFlow_Case_Study_Showcase,24368,23975,7108,816,28,34585.9,29.65,11.48,0.11
2025-06-24,TechFlow_Holiday_Promotion,44497,42472,6499,912,126,12037.53,15.3,14.03,0.28
2025-06-25,TechFlow_Newsletter_Weekly,20140,19284,5585,617,44,26567.63,28.96,11.05,0.22
2025-06-25,TechFlow_Product_Launch,31847,31388,5732,791,51,25704.74,18.26,13.8,0.16
2025-06-25,TechFlow_Webinar_Invitation,41541,40948,12392,1658,144,44130.9,30.26,13.38,0.35
2025-06-25,TechFlow_Case_Study_Showcase,45025,44465,12553,1349,149,18279.53,28.23,10.75,0.33
2025-06-25,TechFlow_Holiday_Promotion,17862,17324,5609,419,88,14346.38,32.38,7.47,0.49
2025-06-26,TechFlow_Newsletter_Weekly,35858,34988,8109,989,39,28675.99,23.18,12.2,0.11
2025-06-26,TechFlow_Product_Launch,13383,12945,3236,284,63,13462.07,25.0,8.78,0.47
2025-06-26,TechFlow_Webinar_Invitation,24171,23722,5356,476,45,13317.74,22.58,8.89,0.19
2025-06-26,TechFlow_Case_Study_Showcase,26327,25379,7078,745,47,32682.41,27.89,10.53,0.18
2025-06-26,TechFlow_Holiday_Promotion,39721,38240,7089,913,163,20841.89,18.54,12.88,0.41
2025-06-27,TechFlow_Newsletter_Weekly,24151,23452,3844,236,66,8322.3,16.39,6.14,0.27
2025-06-27,TechFlow_Product_Launch,7076,6870,1724,213,18,3784.67,25.09,12.35,0.25
2025-06-27,TechFlow_Webinar_Invitation,24255,23146,7120,392,62,4198.2,30.76,5.51,0.26
2025-06-27,TechFlow_Case_Study_Showcase,11846,11660,2578,155,19,6473.61,22.11,6.01,0.16
2025-06-27,TechFlow_Holiday_Promotion,48180,46522,12977,802,175,20034.22,27.89,6.18,0.36
2025-06-28,TechFlow_Newsletter_Weekly,35798,34882,9709,607,168,25148.32,27.83,6.25,0.47
2025-06-28,TechFlow_Product_Launch,40137,39461,8681,482,157,13982.17,22.0,5.55,0.39
2025-06-28,TechFlow_Webinar_Invitation,18619,17789,3395,451,65,17928.89,19.08,13.28,0.35
2025-06-28,TechFlow_Case_Study_Showcase,28437,27678,9684,1286,38,57797.77,34.99,13.28,0.13
2025-06-28,TechFlow_Holiday_Promotion,16128,15374,4630,284,19,5496.63,30.12,6.13,0.12
2025-06-29,TechFlow_Newsletter_Weekly,19529,19114,4331,589,53,14612.45,22.66,13.6,0.27
2025-06-29,TechFlow_Product_Launch,42010,41360,11965,815,150,26094.41,28.93,6.81,0.36
2025-06-29,TechFlow_Webinar_Invitation,13985,13370,3168,400,32,17733.57,23.69,12.63,0.23
2025-06-29,TechFlow_Case_Study_Showcase,15079,14612,2577,241,66,8126.1,17.64,9.35,0.44
2025-06-29,TechFlow_Holiday_Promotion,16512,15825,3000,177,40,1977.98,18.96,5.9,0.24
2025-06-30,TechFlow_Newsletter_Weekly,36986,36181,10301,753,85,30146.25,28.47,7.31,0.23
2025-06-30,TechFlow_Product_Launch,34929,33967,10707,1449,94,57289.16,31.52,13.53,0.27
2025-06-30,TechFlow_Webinar_Invitation,21764,21291,3687,216,38,3672.42,17.32,5.86,0.17
2025-06-30,TechFlow_Case_Study_Showcase,30563,30089,9285,821,114,24538.28,30.86,8.84,0.37
2025-06-30,TechFlow_Holiday_Promotion,27841,26851,6594,338,136,11846.54,24.56,5.13,0.49
2025-07-01,TechFlow_Newsletter_Weekly,16790,16013,5561,485,55,23982.41,34.73,8.72,0.33
2025-07-01,TechFlow_Product_Launch,30790,29748,5192,363,93,16622.46,17.45,6.99,0.3
2025-07-01,TechFlow_Webinar_Invitation,31015,30232,8410,1180,154,57491.78,27.82,14.03,0.5
2025-07-01,TechFlow_Case_Study_Showcase,33561,32065,10737,1598,80,52414.28,33.49,14.88,0.24
2025-07-01,TechFlow_Holiday_Promotion,33790,33289,11600,1595,96,72014.58,34.85,13.75,0.28
2025-07-02,TechFlow_Newsletter_Weekly,31596,31155,4895,388,50,10183.16,15.71,7.93,0.16
2025-07-02,TechFlow_Product_Launch,8735,8455,1834,105,10,2409.04,21.69,5.73,0.11
2025-07-02,TechFlow_Webinar_Invitation,47382,45068,12489,1773,160,25075.75,27.71,14.2,0.34
2025-07-02,TechFlow_Case_Study_Showcase,19192,18296,5690,674,81,28604.93,31.1,11.85,0.42
2025-07-02,TechFlow_Holiday_Promotion,41772,40920,8107,579,160,27589.94,19.81,7.14,0.38
2025-07-03,TechFlow_Newsletter_Weekly,12471,12161,1944,214,55,2759.36,15.99,11.01,0.44
2025-07-03,TechFlow_Product_Launch,37305,36925,6388,763,186,18423.26,17.3,11.94,0.5
2025-07-03,TechFlow_Webinar_Invitation,23373,22526,6553,742,23,10935.22,29.09,11.32,0.1
2025-07-03,TechFlow_Case_Study_Showcase,9295,9050,2180,185,15,6506.56,24.09,8.49,0.16
2025-07-03,TechFlow_Holiday_Promotion,29833,29339,6985,564,91,8964.41,23.81,8.07,0.31
2025-07-04,TechFlow_Newsletter_Weekly,6537,6285,1925,183,26,7673.5,30.63,9.51,0.4
2025-07-04,TechFlow_Product_Launch,11442,11277,2065,307,38,5867.38,18.31,14.87,0.33
2025-07-04,TechFlow_Webinar_Invitation,11542,11052,2530,161,22,5885.31,22.89,6.36,0.19
2025-07-04,TechFlow_Case_Study_Showcase,10124,9987,1826,165,14,5220.18,18.28,9.04,0.14
2025-07-04,TechFlow_Holiday_Promotion,25700,25001,4813,514,97,17714.58,19.25,10.68,0.38
2025-07-05,TechFlow_Newsletter_Weekly,14890,14350,4364,569,60,6702.73,30.41,13.04,0.4
2025-07-05,TechFlow_Product_Launch,28325,27338,6366,564,41,12118.42,23.29,8.86,0.14
2025-07-05,TechFlow_Webinar_Invitation,16340,15610,2427,215,62,8592.44,15.55,8.86,0.38
2025-07-05,TechFlow_Case_Study_Showcase,12826,12670,3682,257,43,7033.86,29.06,6.98,0.34
2025-07-05,TechFlow_Holiday_Promotion,42189,41003,9405,1245,106,33411.27,22.94,13.24,0.25
