Date,Campaign_Name,Impressions,Clicks,Spend,Leads,Revenue,CTR,CPC,Lead_Rate,ROAS
2025-01-06,TechFlow_B2B_Lead_Generation,8477,103,842.53,7,1784.92,1.22,8.18,6.8,2.12
2025-01-06,TechFlow_Company_Page_Promotion,17768,284,2422.23,20,5814.36,1.6,8.53,7.04,2.4
2025-01-06,TechFlow_Product_Showcase,24458,578,3393.15,85,22335.11,2.36,5.87,14.71,6.58
2025-01-06,TechFlow_Industry_Targeting,4733,127,1455.42,9,2765.03,2.68,11.46,7.09,1.9
2025-01-06,TechFlow_Retargeting,21742,239,1442.41,20,6108.11,1.1,6.04,8.37,4.23
2025-01-07,TechFlow_B2B_Lead_Generation,20171,153,2143.68,14,4201.67,0.76,14.01,9.15,1.96
2025-01-07,TechFlow_Company_Page_Promotion,21409,259,2382.66,15,6184.02,1.21,9.2,5.79,2.6
2025-01-07,TechFlow_Product_Showcase,1239,25,337.87,2,507.19,2.02,13.51,8.0,1.5
2025-01-07,TechFlow_Industry_Targeting,11626,225,3037.0,28,10030.53,1.94,13.5,12.44,3.3
2025-01-07,TechFlow_Retargeting,4246,49,409.1,3,815.6,1.15,8.35,6.12,1.99
2025-01-08,TechFlow_B2B_Lead_Generation,2704,20,229.1,2,993.87,0.74,11.45,10.0,4.34
2025-01-08,TechFlow_Company_Page_Promotion,4050,121,1307.08,18,7693.22,2.99,10.8,14.88,5.89
2025-01-08,TechFlow_Product_Showcase,14650,169,1710.83,14,3258.49,1.15,10.12,8.28,1.9
2025-01-08,TechFlow_Industry_Targeting,15990,82,794.92,8,3113.14,0.51,9.69,9.76,3.92
2025-01-08,TechFlow_Retargeting,22638,140,1358.76,18,6188.64,0.62,9.71,12.86,4.55
2025-01-09,TechFlow_B2B_Lead_Generation,3610,79,523.45,10,2478.3,2.19,6.63,12.66,4.73
2025-01-09,TechFlow_Company_Page_Promotion,1119,30,393.38,2,933.85,2.68,13.11,6.67,2.37
2025-01-09,TechFlow_Product_Showcase,13368,350,2146.63,43,19420.96,2.62,6.13,12.29,9.05
2025-01-09,TechFlow_Industry_Targeting,11795,93,818.41,4,1768.07,0.79,8.8,4.3,2.16
2025-01-09,TechFlow_Retargeting,3100,18,133.49,1,366.65,0.58,7.42,5.56,2.75
2025-01-10,TechFlow_B2B_Lead_Generation,23306,552,7474.57,72,19035.32,2.37,13.54,13.04,2.55
2025-01-10,TechFlow_Company_Page_Promotion,2194,59,708.26,3,711.04,2.69,12.0,5.08,1.0
2025-01-10,TechFlow_Product_Showcase,14147,350,3834.23,37,10860.28,2.47,10.95,10.57,2.83
2025-01-10,TechFlow_Industry_Targeting,14561,265,1377.19,19,3873.52,1.82,5.2,7.17,2.81
2025-01-10,TechFlow_Retargeting,15498,108,1096.48,6,1374.48,0.7,10.15,5.56,1.25
2025-01-11,TechFlow_B2B_Lead_Generation,6981,132,1689.54,15,5113.11,1.89,12.8,11.36,3.03
2025-01-11,TechFlow_Company_Page_Promotion,9030,95,585.89,9,2293.45,1.05,6.17,9.47,3.91
2025-01-11,TechFlow_Product_Showcase,3954,71,793.09,7,2079.88,1.8,11.17,9.86,2.62
2025-01-11,TechFlow_Industry_Targeting,8641,225,2466.21,25,12299.08,2.6,10.96,11.11,4.99
2025-01-11,TechFlow_Retargeting,12612,154,1159.67,19,8625.52,1.22,7.53,12.34,7.44
2025-01-12,TechFlow_B2B_Lead_Generation,10723,90,596.05,5,1884.05,0.84,6.62,5.56,3.16
2025-01-12,TechFlow_Company_Page_Promotion,10111,106,1444.01,10,2618.93,1.05,13.62,9.43,1.81
2025-01-12,TechFlow_Product_Showcase,21036,630,7690.18,74,33016.5,2.99,12.21,11.75,4.29
2025-01-12,TechFlow_Industry_Targeting,18288,416,5308.22,38,16173.59,2.27,12.76,9.13,3.05
2025-01-12,TechFlow_Retargeting,15355,351,2139.94,49,16184.17,2.29,6.1,13.96,7.56
2025-01-13,TechFlow_B2B_Lead_Generation,14985,176,940.42,21,8617.79,1.17,5.34,11.93,9.16
2025-01-13,TechFlow_Company_Page_Promotion,12913,378,2128.16,47,12781.61,2.93,5.63,12.43,6.01
2025-01-13,TechFlow_Product_Showcase,5851,29,215.27,3,1117.72,0.5,7.42,10.34,5.19
2025-01-13,TechFlow_Industry_Targeting,11743,208,2879.08,12,4563.4,1.77,13.84,5.77,1.59
2025-01-13,TechFlow_Retargeting,18322,455,4046.98,43,18318.08,2.48,8.89,9.45,4.53
2025-01-14,TechFlow_B2B_Lead_Generation,23494,624,4029.18,34,12578.68,2.66,6.46,5.45,3.12
2025-01-14,TechFlow_Company_Page_Promotion,3791,32,321.51,1,259.11,0.84,10.05,3.12,0.81
2025-01-14,TechFlow_Product_Showcase,5542,160,2186.69,22,9867.41,2.89,13.67,13.75,4.51
2025-01-14,TechFlow_Industry_Targeting,5296,40,461.79,4,930.63,0.76,11.54,10.0,2.02
2025-01-14,TechFlow_Retargeting,13464,193,1201.02,17,4451.0,1.43,6.22,8.81,3.71
2025-01-15,TechFlow_B2B_Lead_Generation,10208,95,573.68,12,4232.45,0.93,6.04,12.63,7.38
2025-01-15,TechFlow_Company_Page_Promotion,1443,13,83.33,1,445.06,0.9,6.41,7.69,5.34
2025-01-15,TechFlow_Product_Showcase,19029,243,3299.08,14,4752.22,1.28,13.58,5.76,1.44
2025-01-15,TechFlow_Industry_Targeting,23847,414,4510.96,32,10625.15,1.74,10.9,7.73,2.36
2025-01-15,TechFlow_Retargeting,22252,366,3171.58,19,3874.84,1.64,8.67,5.19,1.22
2025-01-16,TechFlow_B2B_Lead_Generation,1350,10,84.73,0,0.0,0.74,8.47,0.0,0.0
2025-01-16,TechFlow_Company_Page_Promotion,21589,610,7742.11,86,36579.21,2.83,12.69,14.1,4.72
2025-01-16,TechFlow_Product_Showcase,13800,308,4390.38,24,8792.53,2.23,14.25,7.79,2.0
2025-01-16,TechFlow_Industry_Targeting,14241,156,2012.28,11,3149.91,1.1,12.9,7.05,1.57
2025-01-16,TechFlow_Retargeting,14901,111,970.74,9,4078.74,0.74,8.75,8.11,4.2
2025-01-17,TechFlow_B2B_Lead_Generation,7324,68,945.88,7,3293.08,0.93,13.91,10.29,3.48
2025-01-17,TechFlow_Company_Page_Promotion,1539,18,133.74,2,576.65,1.17,7.43,11.11,4.31
2025-01-17,TechFlow_Product_Showcase,24973,493,4500.79,68,22559.62,1.97,9.13,13.79,5.01
2025-01-17,TechFlow_Industry_Targeting,20325,588,8325.94,39,14445.16,2.89,14.16,6.63,1.73
2025-01-17,TechFlow_Retargeting,15161,286,4134.69,41,19955.17,1.89,14.46,14.34,4.83
2025-01-18,TechFlow_B2B_Lead_Generation,5567,131,1235.27,13,2879.15,2.35,9.43,9.92,2.33
2025-01-18,TechFlow_Company_Page_Promotion,11190,108,1124.85,13,2752.57,0.97,10.42,12.04,2.45
2025-01-18,TechFlow_Product_Showcase,2782,81,592.56,8,1728.09,2.91,7.32,9.88,2.92
2025-01-18,TechFlow_Industry_Targeting,18354,139,2009.33,11,2292.02,0.76,14.46,7.91,1.14
2025-01-18,TechFlow_Retargeting,7928,196,1612.59,12,2778.12,2.47,8.23,6.12,1.72
2025-01-19,TechFlow_B2B_Lead_Generation,4369,30,427.97,3,636.4,0.69,14.27,10.0,1.49
2025-01-19,TechFlow_Company_Page_Promotion,11173,287,1464.86,41,16419.44,2.57,5.1,14.29,11.21
2025-01-19,TechFlow_Product_Showcase,21167,574,8136.61,40,13391.02,2.71,14.18,6.97,1.65
2025-01-19,TechFlow_Industry_Targeting,24235,135,1909.88,10,2744.25,0.56,14.15,7.41,1.44
2025-01-19,TechFlow_Retargeting,11391,247,1763.47,25,10970.7,2.17,7.14,10.12,6.22
2025-01-20,TechFlow_B2B_Lead_Generation,3266,68,972.29,6,2025.34,2.08,14.3,8.82,2.08
2025-01-20,TechFlow_Company_Page_Promotion,4834,24,151.75,3,827.3,0.5,6.32,12.5,5.45
2025-01-20,TechFlow_Product_Showcase,3570,40,472.41,2,600.77,1.12,11.81,5.0,1.27
2025-01-20,TechFlow_Industry_Targeting,10264,102,1455.44,8,3854.97,0.99,14.27,7.84,2.65
2025-01-20,TechFlow_Retargeting,7384,157,933.86,21,9642.89,2.13,5.95,13.38,10.33
2025-01-21,TechFlow_B2B_Lead_Generation,9711,157,2281.73,11,4382.38,1.62,14.53,7.01,1.92
2025-01-21,TechFlow_Company_Page_Promotion,22914,629,9302.52,82,39167.36,2.75,14.79,13.04,4.21
2025-01-21,TechFlow_Product_Showcase,19447,570,4621.34,72,23084.39,2.93,8.11,12.63,5.0
2025-01-21,TechFlow_Industry_Targeting,2278,12,82.25,0,0.0,0.53,6.85,0.0,0.0
2025-01-21,TechFlow_Retargeting,17303,123,1467.87,16,4109.67,0.71,11.93,13.01,2.8
2025-01-22,TechFlow_B2B_Lead_Generation,8735,207,2285.5,14,5463.51,2.37,11.04,6.76,2.39
2025-01-22,TechFlow_Company_Page_Promotion,6269,155,1446.34,16,4913.46,2.47,9.33,10.32,3.4
2025-01-22,TechFlow_Product_Showcase,13129,204,2935.18,18,8379.75,1.55,14.39,8.82,2.85
2025-01-22,TechFlow_Industry_Targeting,1883,12,171.13,1,266.47,0.64,14.26,8.33,1.56
2025-01-22,TechFlow_Retargeting,1771,15,194.96,2,859.05,0.85,13.0,13.33,4.41
2025-01-23,TechFlow_B2B_Lead_Generation,19551,192,1772.74,20,7420.93,0.98,9.23,10.42,4.19
2025-01-23,TechFlow_Company_Page_Promotion,20999,141,1822.68,15,3137.92,0.67,12.93,10.64,1.72
2025-01-23,TechFlow_Product_Showcase,3014,55,779.26,5,1677.35,1.82,14.17,9.09,2.15
2025-01-23,TechFlow_Industry_Targeting,19355,572,7818.63,74,28829.27,2.96,13.67,12.94,3.69
2025-01-23,TechFlow_Retargeting,1864,32,192.69,2,748.67,1.72,6.02,6.25,3.89
2025-01-24,TechFlow_B2B_Lead_Generation,17072,121,1697.27,12,3367.26,0.71,14.03,9.92,1.98
2025-01-24,TechFlow_Company_Page_Promotion,14855,81,427.77,6,2066.36,0.55,5.28,7.41,4.83
2025-01-24,TechFlow_Product_Showcase,3654,33,391.83,1,324.43,0.9,11.87,3.03,0.83
2025-01-24,TechFlow_Industry_Targeting,2358,14,128.37,1,288.56,0.59,9.17,7.14,2.25
2025-01-24,TechFlow_Retargeting,20732,455,3222.97,24,10311.25,2.19,7.08,5.27,3.2
2025-01-25,TechFlow_B2B_Lead_Generation,22390,554,6279.71,75,24620.39,2.47,11.34,13.54,3.92
2025-01-25,TechFlow_Company_Page_Promotion,4892,125,1027.75,10,3962.36,2.56,8.22,8.0,3.86
2025-01-25,TechFlow_Product_Showcase,10404,185,1234.42,16,4226.37,1.78,6.67,8.65,3.42
2025-01-25,TechFlow_Industry_Targeting,1000,25,356.57,3,925.37,2.5,14.26,12.0,2.6
2025-01-25,TechFlow_Retargeting,3215,51,750.54,7,1518.98,1.59,14.72,13.73,2.02
2025-01-26,TechFlow_B2B_Lead_Generation,7770,56,607.97,4,1345.1,0.72,10.86,7.14,2.21
2025-01-26,TechFlow_Company_Page_Promotion,16392,309,2729.91,22,8766.08,1.89,8.83,7.12,3.21
2025-01-26,TechFlow_Product_Showcase,14312,199,1889.88,10,2395.96,1.39,9.5,5.03,1.27
2025-01-26,TechFlow_Industry_Targeting,10691,141,1701.86,18,4900.91,1.32,12.07,12.77,2.88
2025-01-26,TechFlow_Retargeting,20380,284,3917.75,32,15893.59,1.39,13.79,11.27,4.06
2025-01-27,TechFlow_B2B_Lead_Generation,9186,77,831.44,8,2035.49,0.84,10.8,10.39,2.45
2025-01-27,TechFlow_Company_Page_Promotion,18537,428,4700.64,31,11391.2,2.31,10.98,7.24,2.42
2025-01-27,TechFlow_Product_Showcase,13193,268,3609.28,34,14814.7,2.03,13.47,12.69,4.1
2025-01-27,TechFlow_Industry_Targeting,5928,149,1631.57,15,5826.46,2.51,10.95,10.07,3.57
2025-01-27,TechFlow_Retargeting,18559,449,5238.86,66,26916.53,2.42,11.67,14.7,5.14
2025-01-28,TechFlow_B2B_Lead_Generation,24519,354,4440.86,45,14316.69,1.44,12.54,12.71,3.22
2025-01-28,TechFlow_Company_Page_Promotion,9374,146,1196.51,19,7428.74,1.56,8.2,13.01,6.21
2025-01-28,TechFlow_Product_Showcase,8138,88,1305.59,10,3230.48,1.08,14.84,11.36,2.47
2025-01-28,TechFlow_Industry_Targeting,9851,99,1205.76,9,1800.82,1.0,12.18,9.09,1.49
2025-01-28,TechFlow_Retargeting,5510,160,1009.2,22,6897.37,2.9,6.31,13.75,6.83
2025-01-29,TechFlow_B2B_Lead_Generation,7350,179,1412.12,17,4208.2,2.44,7.89,9.5,2.98
2025-01-29,TechFlow_Company_Page_Promotion,20756,252,2393.44,21,6546.06,1.21,9.5,8.33,2.73
2025-01-29,TechFlow_Product_Showcase,3732,76,481.92,5,1392.87,2.04,6.34,6.58,2.89
2025-01-29,TechFlow_Industry_Targeting,22124,272,3597.39,35,12938.09,1.23,13.23,12.87,3.6
2025-01-29,TechFlow_Retargeting,8562,249,1824.38,13,4328.57,2.91,7.33,5.22,2.37
2025-01-30,TechFlow_B2B_Lead_Generation,13786,398,2673.11,54,18697.03,2.89,6.72,13.57,6.99
2025-01-30,TechFlow_Company_Page_Promotion,10926,161,2178.39,12,5135.64,1.47,13.53,7.45,2.36
2025-01-30,TechFlow_Product_Showcase,20899,328,2659.18,45,19737.35,1.57,8.11,13.72,7.42
2025-01-30,TechFlow_Industry_Targeting,19824,522,5117.79,67,19790.23,2.63,9.8,12.84,3.87
2025-01-30,TechFlow_Retargeting,12892,145,1020.01,17,5517.53,1.12,7.03,11.72,5.41
2025-01-31,TechFlow_B2B_Lead_Generation,3718,76,535.93,9,3862.04,2.04,7.05,11.84,7.21
2025-01-31,TechFlow_Company_Page_Promotion,11426,168,1526.46,23,7033.76,1.47,9.09,13.69,4.61
2025-01-31,TechFlow_Product_Showcase,19132,307,4003.89,42,8434.08,1.6,13.04,13.68,2.11
2025-01-31,TechFlow_Industry_Targeting,6269,141,1807.8,8,1774.18,2.25,12.82,5.67,0.98
2025-01-31,TechFlow_Retargeting,23761,694,5050.45,37,13728.97,2.92,7.28,5.33,2.72
2025-02-01,TechFlow_B2B_Lead_Generation,19032,346,2905.61,33,13248.87,1.82,8.4,9.54,4.56
2025-02-01,TechFlow_Company_Page_Promotion,12173,182,2266.87,9,4340.93,1.5,12.46,4.95,1.91
2025-02-01,TechFlow_Product_Showcase,24965,307,1867.78,39,15586.72,1.23,6.08,12.7,8.35
2025-02-01,TechFlow_Industry_Targeting,5943,135,1393.71,18,7501.15,2.27,10.32,13.33,5.38
2025-02-01,TechFlow_Retargeting,7324,83,854.93,4,1344.9,1.13,10.3,4.82,1.57
2025-02-02,TechFlow_B2B_Lead_Generation,4516,102,999.77,12,3865.86,2.26,9.8,11.76,3.87
2025-02-02,TechFlow_Company_Page_Promotion,8248,62,890.72,5,2168.71,0.75,14.37,8.06,2.43
2025-02-02,TechFlow_Product_Showcase,22161,261,3100.2,36,13658.88,1.18,11.88,13.79,4.41
2025-02-02,TechFlow_Industry_Targeting,12651,329,3552.43,38,15145.95,2.6,10.8,11.55,4.26
2025-02-02,TechFlow_Retargeting,20432,431,5226.41,58,19902.72,2.11,12.13,13.46,3.81
2025-02-03,TechFlow_B2B_Lead_Generation,17757,487,3998.99,64,23640.03,2.74,8.21,13.14,5.91
2025-02-03,TechFlow_Company_Page_Promotion,9336,166,2030.84,8,2361.56,1.78,12.23,4.82,1.16
2025-02-03,TechFlow_Product_Showcase,12050,296,1732.09,38,17996.13,2.46,5.85,12.84,10.39
2025-02-03,TechFlow_Industry_Targeting,10643,308,4155.25,27,12993.13,2.89,13.49,8.77,3.13
2025-02-03,TechFlow_Retargeting,7624,114,1469.16,7,3316.85,1.5,12.89,6.14,2.26
2025-02-04,TechFlow_B2B_Lead_Generation,20750,290,4072.68,34,11118.31,1.4,14.04,11.72,2.73
2025-02-04,TechFlow_Company_Page_Promotion,4749,54,679.64,4,1997.58,1.14,12.59,7.41,2.94
2025-02-04,TechFlow_Product_Showcase,20650,470,6356.26,60,12393.25,2.28,13.52,12.77,1.95
2025-02-04,TechFlow_Industry_Targeting,21429,374,4768.86,43,19428.46,1.75,12.75,11.5,4.07
2025-02-04,TechFlow_Retargeting,13303,303,1790.97,25,6043.58,2.28,5.91,8.25,3.37
2025-02-05,TechFlow_B2B_Lead_Generation,18296,223,3259.46,19,5138.91,1.22,14.62,8.52,1.58
2025-02-05,TechFlow_Company_Page_Promotion,6401,59,795.55,5,1195.85,0.92,13.48,8.47,1.5
2025-02-05,TechFlow_Product_Showcase,10592,223,1731.08,30,12711.87,2.11,7.76,13.45,7.34
2025-02-05,TechFlow_Industry_Targeting,5612,123,1706.01,8,3349.82,2.19,13.87,6.5,1.96
2025-02-05,TechFlow_Retargeting,19730,583,8257.44,35,8032.88,2.95,14.16,6.0,0.97
2025-02-06,TechFlow_B2B_Lead_Generation,19443,323,4045.75,28,12476.87,1.66,12.53,8.67,3.08
2025-02-06,TechFlow_Company_Page_Promotion,11886,197,2356.03,21,5793.91,1.66,11.96,10.66,2.46
2025-02-06,TechFlow_Product_Showcase,18549,346,4791.25,18,7894.8,1.87,13.85,5.2,1.65
2025-02-06,TechFlow_Industry_Targeting,1537,40,295.2,4,1122.56,2.6,7.38,10.0,3.8
2025-02-06,TechFlow_Retargeting,3408,88,1280.79,8,3722.63,2.58,14.55,9.09,2.91
2025-02-07,TechFlow_B2B_Lead_Generation,18281,148,2046.85,20,5027.24,0.81,13.83,13.51,2.46
2025-02-07,TechFlow_Company_Page_Promotion,1315,38,448.94,4,1788.02,2.89,11.81,10.53,3.98
2025-02-07,TechFlow_Product_Showcase,24827,430,4893.31,47,16309.5,1.73,11.38,10.93,3.33
2025-02-07,TechFlow_Industry_Targeting,18701,224,2548.36,14,4024.32,1.2,11.38,6.25,1.58
2025-02-07,TechFlow_Retargeting,22402,563,5084.32,35,11298.86,2.51,9.03,6.22,2.22
2025-02-08,TechFlow_B2B_Lead_Generation,8693,162,1579.21,8,1923.12,1.86,9.75,4.94,1.22
2025-02-08,TechFlow_Company_Page_Promotion,21671,554,4117.0,64,25324.22,2.56,7.43,11.55,6.15
2025-02-08,TechFlow_Product_Showcase,2561,67,380.62,9,3159.37,2.62,5.68,13.43,8.3
2025-02-08,TechFlow_Industry_Targeting,24691,583,8591.22,80,24252.26,2.36,14.74,13.72,2.82
2025-02-08,TechFlow_Retargeting,4556,109,1398.98,16,6123.13,2.39,12.83,14.68,4.38
2025-02-09,TechFlow_B2B_Lead_Generation,7296,93,905.59,10,4544.48,1.27,9.74,10.75,5.02
2025-02-09,TechFlow_Company_Page_Promotion,18598,489,4336.28,41,14199.7,2.63,8.87,8.38,3.27
2025-02-09,TechFlow_Product_Showcase,1034,8,42.09,1,498.92,0.77,5.26,12.5,11.85
2025-02-09,TechFlow_Industry_Targeting,10013,52,507.48,2,426.81,0.52,9.76,3.85,0.84
2025-02-09,TechFlow_Retargeting,4156,80,1121.78,11,3522.84,1.92,14.02,13.75,3.14
2025-02-10,TechFlow_B2B_Lead_Generation,15610,106,1479.5,15,4149.35,0.68,13.96,14.15,2.8
2025-02-10,TechFlow_Company_Page_Promotion,16616,418,4874.96,48,23926.53,2.52,11.66,11.48,4.91
2025-02-10,TechFlow_Product_Showcase,19587,177,1850.45,19,7168.7,0.9,10.45,10.73,3.87
2025-02-10,TechFlow_Industry_Targeting,19848,266,3281.16,24,8760.83,1.34,12.34,9.02,2.67
2025-02-10,TechFlow_Retargeting,8019,172,1335.1,25,8148.98,2.14,7.76,14.53,6.1
2025-02-11,TechFlow_B2B_Lead_Generation,22919,176,1296.64,23,6226.39,0.77,7.37,13.07,4.8
2025-02-11,TechFlow_Company_Page_Promotion,10951,109,1124.0,11,2286.24,1.0,10.31,10.09,2.03
2025-02-11,TechFlow_Product_Showcase,7460,216,1304.78,30,8132.63,2.9,6.04,13.89,6.23
2025-02-11,TechFlow_Industry_Targeting,2304,49,615.9,3,1047.54,2.13,12.57,6.12,1.7
2025-02-11,TechFlow_Retargeting,24352,709,8049.82,91,36252.88,2.91,11.35,12.83,4.5
2025-02-12,TechFlow_B2B_Lead_Generation,16076,456,6454.74,51,11306.32,2.84,14.16,11.18,1.75
2025-02-12,TechFlow_Company_Page_Promotion,2793,66,357.39,9,4167.92,2.36,5.42,13.64,11.66
2025-02-12,TechFlow_Product_Showcase,10110,261,3829.96,35,16610.32,2.58,14.67,13.41,4.34
2025-02-12,TechFlow_Industry_Targeting,7986,223,1575.98,14,5621.49,2.79,7.07,6.28,3.57
2025-02-12,TechFlow_Retargeting,15307,380,4806.73,37,14860.9,2.48,12.65,9.74,3.09
2025-02-13,TechFlow_B2B_Lead_Generation,19215,553,4887.46,49,20112.31,2.88,8.84,8.86,4.12
2025-02-13,TechFlow_Company_Page_Promotion,24737,732,9231.47,55,16389.55,2.96,12.61,7.51,1.78
2025-02-13,TechFlow_Product_Showcase,17259,354,2872.7,49,18854.51,2.05,8.11,13.84,6.56
2025-02-13,TechFlow_Industry_Targeting,13239,292,2007.52,38,8269.39,2.21,6.88,13.01,4.12
2025-02-13,TechFlow_Retargeting,5204,92,1032.28,7,2381.47,1.77,11.22,7.61,2.31
2025-02-14,TechFlow_B2B_Lead_Generation,14841,176,2211.92,11,2901.51,1.19,12.57,6.25,1.31
2025-02-14,TechFlow_Company_Page_Promotion,3525,87,578.87,6,1384.42,2.47,6.65,6.9,2.39
2025-02-14,TechFlow_Product_Showcase,13499,366,2730.3,40,12622.54,2.71,7.46,10.93,4.62
2025-02-14,TechFlow_Industry_Targeting,5829,86,1206.05,11,4799.88,1.48,14.02,12.79,3.98
2025-02-14,TechFlow_Retargeting,16670,113,906.98,12,4062.88,0.68,8.03,10.62,4.48
2025-02-15,TechFlow_B2B_Lead_Generation,3695,107,1314.23,7,3106.1,2.9,12.28,6.54,2.36
2025-02-15,TechFlow_Company_Page_Promotion,17833,202,2800.62,29,10665.23,1.13,13.86,14.36,3.81
2025-02-15,TechFlow_Product_Showcase,7352,157,2351.03,8,1850.61,2.14,14.97,5.1,0.79
2025-02-15,TechFlow_Industry_Targeting,4896,77,577.39,9,3698.2,1.57,7.5,11.69,6.41
2025-02-15,TechFlow_Retargeting,9957,204,2340.79,22,8887.62,2.05,11.47,10.78,3.8
2025-02-16,TechFlow_B2B_Lead_Generation,17239,92,539.4,12,3129.56,0.53,5.86,13.04,5.8
2025-02-16,TechFlow_Company_Page_Promotion,2792,60,851.35,3,969.84,2.15,14.19,5.0,1.14
2025-02-16,TechFlow_Product_Showcase,22162,145,1937.95,10,3354.24,0.65,13.37,6.9,1.73
2025-02-16,TechFlow_Industry_Targeting,23267,607,3491.18,30,6681.52,2.61,5.75,4.94,1.91
2025-02-16,TechFlow_Retargeting,8980,45,555.18,4,880.19,0.5,12.34,8.89,1.59
2025-02-17,TechFlow_B2B_Lead_Generation,16461,457,5808.34,57,20352.27,2.78,12.71,12.47,3.5
2025-02-17,TechFlow_Company_Page_Promotion,11072,128,1431.86,9,3352.96,1.16,11.19,7.03,2.34
2025-02-17,TechFlow_Product_Showcase,5008,25,239.76,1,458.12,0.5,9.59,4.0,1.91
2025-02-17,TechFlow_Industry_Targeting,6882,169,1732.36,21,5186.64,2.46,10.25,12.43,2.99
2025-02-17,TechFlow_Retargeting,15166,359,5202.99,32,8367.55,2.37,14.49,8.91,1.61
2025-02-18,TechFlow_B2B_Lead_Generation,5025,73,434.57,8,1632.57,1.45,5.95,10.96,3.76
2025-02-18,TechFlow_Company_Page_Promotion,19406,454,6780.02,50,23627.4,2.34,14.93,11.01,3.48
2025-02-18,TechFlow_Product_Showcase,3393,80,1074.95,6,2904.68,2.36,13.44,7.5,2.7
2025-02-18,TechFlow_Industry_Targeting,9520,208,1683.47,12,5884.57,2.18,8.09,5.77,3.5
2025-02-18,TechFlow_Retargeting,23167,486,2770.01,31,12924.75,2.1,5.7,6.38,4.67
2025-02-19,TechFlow_B2B_Lead_Generation,2786,22,130.75,2,704.31,0.79,5.94,9.09,5.39
2025-02-19,TechFlow_Company_Page_Promotion,16251,247,3361.28,21,6692.68,1.52,13.61,8.5,1.99
2025-02-19,TechFlow_Product_Showcase,9321,239,1279.53,31,11899.56,2.56,5.35,12.97,9.3
2025-02-19,TechFlow_Industry_Targeting,3464,73,1008.52,5,1742.32,2.11,13.82,6.85,1.73
2025-02-19,TechFlow_Retargeting,18010,450,5545.92,39,10892.17,2.5,12.32,8.67,1.96
2025-02-20,TechFlow_B2B_Lead_Generation,16021,437,3261.13,62,27455.08,2.73,7.46,14.19,8.42
2025-02-20,TechFlow_Company_Page_Promotion,22945,460,6407.06,54,18908.5,2.0,13.93,11.74,2.95
2025-02-20,TechFlow_Product_Showcase,1350,25,344.72,3,993.6,1.85,13.79,12.0,2.88
2025-02-20,TechFlow_Industry_Targeting,17291,111,722.74,8,3337.4,0.64,6.51,7.21,4.62
2025-02-20,TechFlow_Retargeting,4648,68,607.74,3,1178.92,1.46,8.94,4.41,1.94
2025-02-21,TechFlow_B2B_Lead_Generation,4911,39,563.18,4,1236.52,0.79,14.44,10.26,2.2
2025-02-21,TechFlow_Company_Page_Promotion,5576,35,421.11,2,544.2,0.63,12.03,5.71,1.29
2025-02-21,TechFlow_Product_Showcase,921,20,172.48,2,682.78,2.17,8.62,10.0,3.96
2025-02-21,TechFlow_Industry_Targeting,1068,19,163.03,2,573.75,1.78,8.58,10.53,3.52
2025-02-21,TechFlow_Retargeting,6688,153,2243.58,10,2315.56,2.29,14.66,6.54,1.03
2025-02-22,TechFlow_B2B_Lead_Generation,21442,344,4212.81,25,8986.74,1.6,12.25,7.27,2.13
2025-02-22,TechFlow_Company_Page_Promotion,5185,139,1406.37,13,6000.56,2.68,10.12,9.35,4.27
2025-02-22,TechFlow_Product_Showcase,5670,105,1315.76,13,4606.62,1.85,12.53,12.38,3.5
2025-02-22,TechFlow_Industry_Targeting,12103,218,2609.93,30,6143.85,1.8,11.97,13.76,2.35
2025-02-22,TechFlow_Retargeting,1980,26,320.89,3,1470.92,1.31,12.34,11.54,4.58
2025-02-23,TechFlow_B2B_Lead_Generation,10430,169,1003.33,14,3832.72,1.62,5.94,8.28,3.82
2025-02-23,TechFlow_Company_Page_Promotion,3077,53,455.35,6,1493.97,1.72,8.59,11.32,3.28
2025-02-23,TechFlow_Product_Showcase,17346,186,1223.38,19,5668.29,1.07,6.58,10.22,4.63
2025-02-23,TechFlow_Industry_Targeting,6255,45,516.24,3,709.33,0.72,11.47,6.67,1.37
2025-02-23,TechFlow_Retargeting,20298,262,2329.49,36,13215.62,1.29,8.89,13.74,5.67
2025-02-24,TechFlow_B2B_Lead_Generation,16780,498,3736.51,34,7178.16,2.97,7.5,6.83,1.92
2025-02-24,TechFlow_Company_Page_Promotion,14577,137,1499.07,7,3185.03,0.94,10.94,5.11,2.12
2025-02-24,TechFlow_Product_Showcase,23336,672,8548.01,81,28375.47,2.88,12.72,12.05,3.32
2025-02-24,TechFlow_Industry_Targeting,18062,253,1309.32,35,9801.09,1.4,5.18,13.83,7.49
2025-02-24,TechFlow_Retargeting,22359,425,3062.74,58,28587.66,1.9,7.21,13.65,9.33
2025-02-25,TechFlow_B2B_Lead_Generation,12586,104,699.69,8,3830.66,0.83,6.73,7.69,5.47
2025-02-25,TechFlow_Company_Page_Promotion,24114,497,5409.38,43,16025.85,2.06,10.88,8.65,2.96
2025-02-25,TechFlow_Product_Showcase,18593,277,3989.89,39,18716.75,1.49,14.4,14.08,4.69
2025-02-25,TechFlow_Industry_Targeting,19776,426,6008.93,44,18538.47,2.15,14.11,10.33,3.09
2025-02-25,TechFlow_Retargeting,7571,197,2034.48,25,7659.45,2.6,10.33,12.69,3.76
2025-02-26,TechFlow_B2B_Lead_Generation,7373,212,2613.31,11,3381.98,2.88,12.33,5.19,1.29
2025-02-26,TechFlow_Company_Page_Promotion,5812,32,321.48,4,1692.38,0.55,10.05,12.5,5.26
2025-02-26,TechFlow_Product_Showcase,11056,185,1817.13,17,6555.89,1.67,9.82,9.19,3.61
2025-02-26,TechFlow_Industry_Targeting,1348,31,435.23,2,764.49,2.3,14.04,6.45,1.76
2025-02-26,TechFlow_Retargeting,9621,143,1752.11,19,6562.58,1.49,12.25,13.29,3.75
2025-02-27,TechFlow_B2B_Lead_Generation,1854,35,391.05,5,1959.26,1.89,11.17,14.29,5.01
2025-02-27,TechFlow_Company_Page_Promotion,11950,350,2534.96,50,23873.43,2.93,7.24,14.29,9.42
2025-02-27,TechFlow_Product_Showcase,5748,91,1035.45,10,4927.91,1.58,11.38,10.99,4.76
2025-02-27,TechFlow_Industry_Targeting,2198,31,167.27,3,1417.35,1.41,5.4,9.68,8.47
2025-02-27,TechFlow_Retargeting,5969,58,583.58,8,3438.8,0.97,10.06,13.79,5.89
2025-02-28,TechFlow_B2B_Lead_Generation,22527,469,4851.36,34,7545.06,2.08,10.34,7.25,1.56
2025-02-28,TechFlow_Company_Page_Promotion,22798,603,5365.88,90,18337.26,2.64,8.9,14.93,3.42
2025-02-28,TechFlow_Product_Showcase,11911,261,1598.62,32,15601.5,2.19,6.12,12.26,9.76
2025-02-28,TechFlow_Industry_Targeting,16522,121,961.11,12,5416.9,0.73,7.94,9.92,5.64
2025-02-28,TechFlow_Retargeting,18120,181,1772.05,24,6856.73,1.0,9.79,13.26,3.87
2025-03-01,TechFlow_B2B_Lead_Generation,10616,256,3030.78,17,3549.16,2.41,11.84,6.64,1.17
2025-03-01,TechFlow_Company_Page_Promotion,17254,198,1671.94,23,5711.36,1.15,8.44,11.62,3.42
2025-03-01,TechFlow_Product_Showcase,11748,328,4089.03,36,11370.09,2.79,12.47,10.98,2.78
2025-03-01,TechFlow_Industry_Targeting,24922,136,1517.94,7,2291.01,0.55,11.16,5.15,1.51
2025-03-01,TechFlow_Retargeting,13486,362,5317.07,52,20841.01,2.68,14.69,14.36,3.92
2025-03-02,TechFlow_B2B_Lead_Generation,11711,301,4002.36,39,8759.92,2.57,13.3,12.96,2.19
2025-03-02,TechFlow_Company_Page_Promotion,6260,149,2202.02,19,6923.74,2.38,14.78,12.75,3.14
2025-03-02,TechFlow_Product_Showcase,5217,81,442.46,10,3492.73,1.55,5.46,12.35,7.89
2025-03-02,TechFlow_Industry_Targeting,19587,352,4364.69,20,8229.33,1.8,12.4,5.68,1.89
2025-03-02,TechFlow_Retargeting,6343,95,476.44,10,2900.14,1.5,5.02,10.53,6.09
2025-03-03,TechFlow_B2B_Lead_Generation,23501,509,6693.66,55,13832.2,2.17,13.15,10.81,2.07
2025-03-03,TechFlow_Company_Page_Promotion,2145,60,421.79,8,2286.34,2.8,7.03,13.33,5.42
2025-03-03,TechFlow_Product_Showcase,6935,38,248.47,2,685.89,0.55,6.54,5.26,2.76
2025-03-03,TechFlow_Industry_Targeting,19940,356,1921.6,47,10517.45,1.79,5.4,13.2,5.47
2025-03-03,TechFlow_Retargeting,13374,123,1091.58,15,6856.89,0.92,8.87,12.2,6.28
2025-03-04,TechFlow_B2B_Lead_Generation,1578,9,54.39,0,0.0,0.57,6.04,0.0,0.0
2025-03-04,TechFlow_Company_Page_Promotion,11766,315,3220.11,28,10032.85,2.68,10.22,8.89,3.12
2025-03-04,TechFlow_Product_Showcase,21342,563,4215.54,52,21452.02,2.64,7.49,9.24,5.09
2025-03-04,TechFlow_Industry_Targeting,20219,484,4166.28,34,16384.59,2.39,8.61,7.02,3.93
2025-03-04,TechFlow_Retargeting,9535,126,796.55,15,5367.98,1.32,6.32,11.9,6.74
2025-03-05,TechFlow_B2B_Lead_Generation,14106,172,1106.1,19,5453.43,1.22,6.43,11.05,4.93
2025-03-05,TechFlow_Company_Page_Promotion,2970,43,358.46,4,909.02,1.45,8.34,9.3,2.54
2025-03-05,TechFlow_Product_Showcase,2056,50,433.42,6,2786.85,2.43,8.67,12.0,6.43
2025-03-05,TechFlow_Industry_Targeting,4622,61,339.58,5,2266.4,1.32,5.57,8.2,6.67
2025-03-05,TechFlow_Retargeting,17214,426,3811.96,52,15046.72,2.47,8.95,12.21,3.95
2025-03-06,TechFlow_B2B_Lead_Generation,18601,474,4804.32,39,14693.46,2.55,10.14,8.23,3.06
2025-03-06,TechFlow_Company_Page_Promotion,10376,167,1054.76,17,6976.53,1.61,6.32,10.18,6.61
2025-03-06,TechFlow_Product_Showcase,11362,337,2956.58,17,5682.17,2.97,8.77,5.04,1.92
2025-03-06,TechFlow_Industry_Targeting,23891,398,3528.26,47,17206.07,1.67,8.86,11.81,4.88
2025-03-06,TechFlow_Retargeting,1246,18,265.3,1,382.2,1.44,14.74,5.56,1.44
2025-03-07,TechFlow_B2B_Lead_Generation,8971,60,429.45,7,3488.73,0.67,7.16,11.67,8.12
2025-03-07,TechFlow_Company_Page_Promotion,24431,484,3976.55,41,15869.91,1.98,8.22,8.47,3.99
2025-03-07,TechFlow_Product_Showcase,12011,307,2957.19,35,16129.71,2.56,9.63,11.4,5.45
2025-03-07,TechFlow_Industry_Targeting,3938,85,1269.6,12,4275.12,2.16,14.94,14.12,3.37
2025-03-07,TechFlow_Retargeting,17441,316,3763.22,25,5294.83,1.81,11.91,7.91,1.41
2025-03-08,TechFlow_B2B_Lead_Generation,12288,125,1621.1,10,4789.23,1.02,12.97,8.0,2.95
2025-03-08,TechFlow_Company_Page_Promotion,23404,522,5625.73,58,14083.98,2.23,10.78,11.11,2.5
2025-03-08,TechFlow_Product_Showcase,13622,307,2110.59,35,12849.26,2.25,6.87,11.4,6.09
2025-03-08,TechFlow_Industry_Targeting,11449,296,3227.35,23,6118.63,2.59,10.9,7.77,1.9
2025-03-08,TechFlow_Retargeting,4246,42,416.0,5,1013.58,0.99,9.9,11.9,2.44
2025-03-09,TechFlow_B2B_Lead_Generation,22647,211,2067.48,30,6225.39,0.93,9.8,14.22,3.01
2025-03-09,TechFlow_Company_Page_Promotion,3179,35,197.31,4,1242.59,1.1,5.64,11.43,6.3
2025-03-09,TechFlow_Product_Showcase,9102,210,3146.2,18,4591.85,2.31,14.98,8.57,1.46
2025-03-09,TechFlow_Industry_Targeting,674,12,147.23,0,0.0,1.78,12.27,0.0,0.0
2025-03-09,TechFlow_Retargeting,16963,194,1409.85,10,2520.64,1.14,7.27,5.15,1.79
2025-03-10,TechFlow_B2B_Lead_Generation,18628,478,5793.28,57,25648.93,2.57,12.12,11.92,4.43
2025-03-10,TechFlow_Company_Page_Promotion,6422,140,1311.71,20,7221.26,2.18,9.37,14.29,5.51
2025-03-10,TechFlow_Product_Showcase,6502,180,1810.05,14,3575.57,2.77,10.06,7.78,1.98
2025-03-10,TechFlow_Industry_Targeting,4479,48,399.11,5,1216.47,1.07,8.31,10.42,3.05
2025-03-10,TechFlow_Retargeting,5049,33,425.77,4,1192.84,0.65,12.9,12.12,2.8
2025-03-11,TechFlow_B2B_Lead_Generation,20964,345,3713.61,20,7699.65,1.65,10.76,5.8,2.07
2025-03-11,TechFlow_Company_Page_Promotion,3954,80,1005.12,11,3432.11,2.02,12.56,13.75,3.41
2025-03-11,TechFlow_Product_Showcase,10270,199,1213.37,17,7770.22,1.94,6.1,8.54,6.4
2025-03-11,TechFlow_Industry_Targeting,11653,70,738.33,8,2270.14,0.6,10.55,11.43,3.07
2025-03-11,TechFlow_Retargeting,20126,369,2929.53,19,8577.16,1.83,7.94,5.15,2.93
2025-03-12,TechFlow_B2B_Lead_Generation,16616,467,4710.09,57,21999.2,2.81,10.09,12.21,4.67
2025-03-12,TechFlow_Company_Page_Promotion,19703,555,7939.41,56,27527.23,2.82,14.31,10.09,3.47
2025-03-12,TechFlow_Product_Showcase,3497,93,474.24,4,1643.66,2.66,5.1,4.3,3.47
2025-03-12,TechFlow_Industry_Targeting,15129,123,1588.92,18,4303.69,0.81,12.92,14.63,2.71
2025-03-12,TechFlow_Retargeting,14380,366,3916.18,52,18644.48,2.55,10.7,14.21,4.76
2025-03-13,TechFlow_B2B_Lead_Generation,13300,179,2643.1,16,4631.09,1.35,14.77,8.94,1.75
2025-03-13,TechFlow_Company_Page_Promotion,16457,233,3428.32,12,3324.71,1.42,14.71,5.15,0.97
2025-03-13,TechFlow_Product_Showcase,11994,183,2465.35,10,2829.24,1.53,13.47,5.46,1.15
2025-03-13,TechFlow_Industry_Targeting,3736,82,1117.53,9,2092.38,2.19,13.63,10.98,1.87
2025-03-13,TechFlow_Retargeting,18168,460,5569.24,55,21268.91,2.53,12.11,11.96,3.82
2025-03-14,TechFlow_B2B_Lead_Generation,4900,124,871.4,12,2986.11,2.53,7.03,9.68,3.43
2025-03-14,TechFlow_Company_Page_Promotion,19084,186,2205.11,17,5481.01,0.97,11.86,9.14,2.49
2025-03-14,TechFlow_Product_Showcase,21867,179,1181.75,14,5205.49,0.82,6.6,7.82,4.4
2025-03-14,TechFlow_Industry_Targeting,3929,28,158.58,3,865.68,0.71,5.66,10.71,5.46
2025-03-14,TechFlow_Retargeting,12547,96,1226.16,7,2210.17,0.77,12.77,7.29,1.8
2025-03-15,TechFlow_B2B_Lead_Generation,6705,78,613.36,6,1974.92,1.16,7.86,7.69,3.22
2025-03-15,TechFlow_Company_Page_Promotion,15239,342,3953.04,35,16107.94,2.24,11.56,10.23,4.07
2025-03-15,TechFlow_Product_Showcase,19632,439,5167.39,23,7071.84,2.24,11.77,5.24,1.37
2025-03-15,TechFlow_Industry_Targeting,18945,145,1457.11,16,6483.48,0.77,10.05,11.03,4.45
2025-03-15,TechFlow_Retargeting,19735,236,1262.46,17,5053.85,1.2,5.35,7.2,4.0
2025-03-16,TechFlow_B2B_Lead_Generation,17259,106,1379.19,6,2330.4,0.61,13.01,5.66,1.69
2025-03-16,TechFlow_Company_Page_Promotion,18306,428,2671.3,57,20101.1,2.34,6.24,13.32,7.52
2025-03-16,TechFlow_Product_Showcase,23262,357,5172.18,39,8137.69,1.53,14.49,10.92,1.57
2025-03-16,TechFlow_Industry_Targeting,16328,380,5121.0,43,19264.13,2.33,13.48,11.32,3.76
2025-03-16,TechFlow_Retargeting,9837,124,1564.39,6,2028.5,1.26,12.62,4.84,1.3
2025-03-17,TechFlow_B2B_Lead_Generation,7869,77,673.41,9,3384.57,0.98,8.75,11.69,5.03
2025-03-17,TechFlow_Company_Page_Promotion,3113,87,472.69,11,2564.19,2.79,5.43,12.64,5.42
2025-03-17,TechFlow_Product_Showcase,16156,327,1928.36,19,5214.79,2.02,5.9,5.81,2.7
2025-03-17,TechFlow_Industry_Targeting,10016,110,1027.58,11,4049.82,1.1,9.34,10.0,3.94
2025-03-17,TechFlow_Retargeting,14584,129,1121.78,16,7465.86,0.88,8.7,12.4,6.66
2025-03-18,TechFlow_B2B_Lead_Generation,19071,370,4216.2,45,19405.65,1.94,11.4,12.16,4.6
2025-03-18,TechFlow_Company_Page_Promotion,4249,86,1208.45,4,1562.3,2.02,14.05,4.65,1.29
2025-03-18,TechFlow_Product_Showcase,5755,38,376.67,5,1255.99,0.66,9.91,13.16,3.33
2025-03-18,TechFlow_Industry_Targeting,4696,115,1343.91,15,5874.4,2.45,11.69,13.04,4.37
2025-03-18,TechFlow_Retargeting,15593,289,3195.43,26,9791.35,1.85,11.06,9.0,3.06
2025-03-19,TechFlow_B2B_Lead_Generation,6844,141,771.94,20,9294.06,2.06,5.47,14.18,12.04
2025-03-19,TechFlow_Company_Page_Promotion,19635,500,6620.43,70,28646.9,2.55,13.24,14.0,4.33
2025-03-19,TechFlow_Product_Showcase,5917,100,1300.86,14,6237.82,1.69,13.01,14.0,4.8
2025-03-19,TechFlow_Industry_Targeting,18089,438,5770.52,49,19081.12,2.42,13.17,11.19,3.31
2025-03-19,TechFlow_Retargeting,16794,173,2236.34,12,4487.44,1.03,12.93,6.94,2.01
2025-03-20,TechFlow_B2B_Lead_Generation,19203,500,2661.54,33,15666.12,2.6,5.32,6.6,5.89
2025-03-20,TechFlow_Company_Page_Promotion,13686,332,4152.26,39,16971.98,2.43,12.51,11.75,4.09
2025-03-20,TechFlow_Product_Showcase,22699,191,2808.12,22,6790.76,0.84,14.7,11.52,2.42
2025-03-20,TechFlow_Industry_Targeting,9752,58,715.79,3,742.54,0.59,12.34,5.17,1.04
2025-03-20,TechFlow_Retargeting,14233,300,2805.79,42,8503.32,2.11,9.35,14.0,3.03
2025-03-21,TechFlow_B2B_Lead_Generation,3050,34,308.95,2,607.65,1.11,9.09,5.88,1.97
2025-03-21,TechFlow_Company_Page_Promotion,10088,204,1657.02,28,6259.96,2.02,8.12,13.73,3.78
2025-03-21,TechFlow_Product_Showcase,10175,253,3256.71,26,9267.96,2.49,12.87,10.28,2.85
2025-03-21,TechFlow_Industry_Targeting,21145,254,2873.64,21,4589.65,1.2,11.31,8.27,1.6
2025-03-21,TechFlow_Retargeting,13466,104,1544.62,15,4909.36,0.77,14.85,14.42,3.18
2025-03-22,TechFlow_B2B_Lead_Generation,10780,58,749.47,3,647.28,0.54,12.92,5.17,0.86
2025-03-22,TechFlow_Company_Page_Promotion,14017,375,4753.86,41,20045.72,2.68,12.68,10.93,4.22
2025-03-22,TechFlow_Product_Showcase,2358,46,251.66,6,2850.67,1.95,5.47,13.04,11.33
2025-03-22,TechFlow_Industry_Targeting,10932,128,1160.37,11,3538.93,1.17,9.07,8.59,3.05
2025-03-22,TechFlow_Retargeting,22743,230,1369.86,19,7397.68,1.01,5.96,8.26,5.4
2025-03-23,TechFlow_B2B_Lead_Generation,20055,405,2530.07,22,9830.41,2.02,6.25,5.43,3.89
2025-03-23,TechFlow_Company_Page_Promotion,13579,260,2349.04,32,12848.95,1.91,9.03,12.31,5.47
2025-03-23,TechFlow_Product_Showcase,19392,171,2551.66,25,6942.33,0.88,14.92,14.62,2.72
2025-03-23,TechFlow_Industry_Targeting,2261,66,852.98,7,1715.69,2.92,12.92,10.61,2.01
2025-03-23,TechFlow_Retargeting,17960,252,3400.29,27,6390.96,1.4,13.49,10.71,1.88
2025-03-24,TechFlow_B2B_Lead_Generation,6075,60,793.17,8,2234.18,0.99,13.22,13.33,2.82
2025-03-24,TechFlow_Company_Page_Promotion,24857,187,1968.5,9,4344.67,0.75,10.53,4.81,2.21
2025-03-24,TechFlow_Product_Showcase,20999,446,2354.29,59,21184.33,2.12,5.28,13.23,9.0
2025-03-24,TechFlow_Industry_Targeting,19192,243,3080.87,30,6961.19,1.27,12.68,12.35,2.26
2025-03-24,TechFlow_Retargeting,6306,161,1701.82,15,6822.19,2.55,10.57,9.32,4.01
2025-03-25,TechFlow_B2B_Lead_Generation,1643,44,628.1,4,887.94,2.68,14.27,9.09,1.41
2025-03-25,TechFlow_Company_Page_Promotion,17288,92,732.65,6,2088.43,0.53,7.96,6.52,2.85
2025-03-25,TechFlow_Product_Showcase,10831,323,4106.61,19,7912.82,2.98,12.71,5.88,1.93
2025-03-25,TechFlow_Industry_Targeting,12645,301,1562.85,38,9657.65,2.38,5.19,12.62,6.18
2025-03-25,TechFlow_Retargeting,17901,392,2857.84,23,7901.51,2.19,7.29,5.87,2.76
2025-03-26,TechFlow_B2B_Lead_Generation,22981,126,958.5,11,2782.45,0.55,7.61,8.73,2.9
2025-03-26,TechFlow_Company_Page_Promotion,5977,162,1183.94,14,4550.13,2.71,7.31,8.64,3.84
2025-03-26,TechFlow_Product_Showcase,11108,97,787.5,7,2876.76,0.87,8.12,7.22,3.65
2025-03-26,TechFlow_Industry_Targeting,12984,175,1668.2,24,5302.4,1.35,9.53,13.71,3.18
2025-03-26,TechFlow_Retargeting,16620,152,2002.28,19,5990.13,0.91,13.17,12.5,2.99
2025-03-27,TechFlow_B2B_Lead_Generation,9786,277,3086.68,18,4576.58,2.83,11.14,6.5,1.48
2025-03-27,TechFlow_Company_Page_Promotion,13479,225,2169.23,20,9135.98,1.67,9.64,8.89,4.21
2025-03-27,TechFlow_Product_Showcase,17690,247,2750.31,26,8922.45,1.4,11.13,10.53,3.24
2025-03-27,TechFlow_Industry_Targeting,22396,662,4110.84,65,24774.16,2.96,6.21,9.82,6.03
2025-03-27,TechFlow_Retargeting,588,7,73.37,0,0.0,1.19,10.48,0.0,0.0
2025-03-28,TechFlow_B2B_Lead_Generation,22421,143,1641.29,13,4701.91,0.64,11.48,9.09,2.86
2025-03-28,TechFlow_Company_Page_Promotion,22632,542,5565.44,48,19061.92,2.39,10.27,8.86,3.43
2025-03-28,TechFlow_Product_Showcase,6138,96,881.95,8,2042.55,1.56,9.19,8.33,2.32
2025-03-28,TechFlow_Industry_Targeting,6219,55,772.05,4,1232.52,0.88,14.04,7.27,1.6
2025-03-28,TechFlow_Retargeting,14677,276,1504.24,17,7214.61,1.88,5.45,6.16,4.8
2025-03-29,TechFlow_B2B_Lead_Generation,12701,150,1216.99,16,6185.67,1.18,8.11,10.67,5.08
2025-03-29,TechFlow_Company_Page_Promotion,5928,40,220.07,2,488.09,0.67,5.5,5.0,2.22
2025-03-29,TechFlow_Product_Showcase,19731,301,4329.58,19,8103.42,1.53,14.38,6.31,1.87
2025-03-29,TechFlow_Industry_Targeting,5133,117,1688.04,9,2654.52,2.28,14.43,7.69,1.57
2025-03-29,TechFlow_Retargeting,21852,397,3876.53,28,13351.72,1.82,9.76,7.05,3.44
2025-03-30,TechFlow_B2B_Lead_Generation,23747,141,842.28,8,3445.0,0.59,5.97,5.67,4.09
2025-03-30,TechFlow_Company_Page_Promotion,21094,145,1663.55,9,3650.65,0.69,11.47,6.21,2.19
2025-03-30,TechFlow_Product_Showcase,15111,408,4823.77,44,11018.63,2.7,11.82,10.78,2.28
2025-03-30,TechFlow_Industry_Targeting,16967,305,4424.18,24,9935.43,1.8,14.51,7.87,2.25
2025-03-30,TechFlow_Retargeting,10193,212,1160.29,27,6399.14,2.08,5.47,12.74,5.52
2025-03-31,TechFlow_B2B_Lead_Generation,5742,59,460.24,8,2877.72,1.03,7.8,13.56,6.25
2025-03-31,TechFlow_Company_Page_Promotion,17832,284,2543.51,41,11488.87,1.59,8.96,14.44,4.52
2025-03-31,TechFlow_Product_Showcase,19685,174,2385.25,17,6215.76,0.88,13.71,9.77,2.61
2025-03-31,TechFlow_Industry_Targeting,19156,129,1529.7,15,4507.07,0.67,11.86,11.63,2.95
2025-03-31,TechFlow_Retargeting,8724,57,600.11,5,1329.92,0.65,10.53,8.77,2.22
2025-04-01,TechFlow_B2B_Lead_Generation,2837,79,780.01,4,1519.38,2.78,9.87,5.06,1.95
2025-04-01,TechFlow_Company_Page_Promotion,23545,156,2012.68,21,9085.73,0.66,12.9,13.46,4.51
2025-04-01,TechFlow_Product_Showcase,11892,113,1216.86,7,2623.58,0.95,10.77,6.19,2.16
2025-04-01,TechFlow_Industry_Targeting,8787,108,1140.97,9,2875.93,1.23,10.56,8.33,2.52
2025-04-01,TechFlow_Retargeting,10762,255,3273.94,23,8944.56,2.37,12.84,9.02,2.73
2025-04-02,TechFlow_B2B_Lead_Generation,8866,55,505.52,4,1236.65,0.62,9.19,7.27,2.45
2025-04-02,TechFlow_Company_Page_Promotion,16544,139,920.31,19,5489.29,0.84,6.62,13.67,5.96
2025-04-02,TechFlow_Product_Showcase,18839,162,2404.56,20,7856.38,0.86,14.84,12.35,3.27
2025-04-02,TechFlow_Industry_Targeting,24845,659,7452.23,76,19490.66,2.65,11.31,11.53,2.62
2025-04-02,TechFlow_Retargeting,12044,279,2784.12,35,9134.96,2.32,9.98,12.54,3.28
2025-04-03,TechFlow_B2B_Lead_Generation,24327,625,8469.86,70,24940.23,2.57,13.55,11.2,2.94
2025-04-03,TechFlow_Company_Page_Promotion,21484,435,5766.84,30,13422.23,2.02,13.26,6.9,2.33
2025-04-03,TechFlow_Product_Showcase,15355,380,5144.91,33,6636.32,2.47,13.54,8.68,1.29
2025-04-03,TechFlow_Industry_Targeting,23690,409,5136.29,49,12930.37,1.73,12.56,11.98,2.52
2025-04-03,TechFlow_Retargeting,12351,69,475.84,4,1034.89,0.56,6.9,5.8,2.17
2025-04-04,TechFlow_B2B_Lead_Generation,5738,172,1093.42,18,8003.79,3.0,6.36,10.47,7.32
2025-04-04,TechFlow_Company_Page_Promotion,19021,452,2357.89,31,7232.71,2.38,5.22,6.86,3.07
2025-04-04,TechFlow_Product_Showcase,6793,108,679.55,8,3102.47,1.59,6.29,7.41,4.57
2025-04-04,TechFlow_Industry_Targeting,19552,390,5818.39,42,13750.97,1.99,14.92,10.77,2.36
2025-04-04,TechFlow_Retargeting,19608,556,7812.41,37,8192.06,2.84,14.05,6.65,1.05
2025-04-05,TechFlow_B2B_Lead_Generation,11647,131,979.44,12,3340.69,1.12,7.48,9.16,3.41
2025-04-05,TechFlow_Company_Page_Promotion,7922,162,1765.85,24,6739.89,2.04,10.9,14.81,3.82
2025-04-05,TechFlow_Product_Showcase,15941,98,1452.94,11,4966.73,0.61,14.83,11.22,3.42
2025-04-05,TechFlow_Industry_Targeting,4766,79,1184.15,7,2722.65,1.66,14.99,8.86,2.3
2025-04-05,TechFlow_Retargeting,11147,304,3087.56,26,8573.21,2.73,10.16,8.55,2.78
2025-04-06,TechFlow_B2B_Lead_Generation,18967,249,3362.39,17,7547.77,1.31,13.5,6.83,2.24
2025-04-06,TechFlow_Company_Page_Promotion,23606,223,1170.89,31,8389.66,0.94,5.25,13.9,7.17
2025-04-06,TechFlow_Product_Showcase,13195,357,2128.76,36,7882.45,2.71,5.96,10.08,3.7
2025-04-06,TechFlow_Industry_Targeting,14168,298,3956.14,21,5267.92,2.1,13.28,7.05,1.33
2025-04-06,TechFlow_Retargeting,13288,129,1579.21,15,7431.89,0.97,12.24,11.63,4.71
2025-04-07,TechFlow_B2B_Lead_Generation,20659,240,1768.08,26,10954.02,1.16,7.37,10.83,6.2
2025-04-07,TechFlow_Company_Page_Promotion,13908,125,856.02,15,5066.23,0.9,6.85,12.0,5.92
2025-04-07,TechFlow_Product_Showcase,24769,253,2250.96,16,4979.51,1.02,8.9,6.32,2.21
2025-04-07,TechFlow_Industry_Targeting,8444,66,414.45,6,1843.01,0.78,6.28,9.09,4.45
2025-04-07,TechFlow_Retargeting,5326,97,1338.56,14,6133.89,1.82,13.8,14.43,4.58
2025-04-08,TechFlow_B2B_Lead_Generation,3588,43,573.65,4,1992.98,1.2,13.34,9.3,3.47
2025-04-08,TechFlow_Company_Page_Promotion,4057,73,696.99,6,1782.69,1.8,9.55,8.22,2.56
2025-04-08,TechFlow_Product_Showcase,7839,168,2296.81,17,4163.17,2.14,13.67,10.12,1.81
2025-04-08,TechFlow_Industry_Targeting,7865,221,2255.64,26,5872.27,2.81,10.21,11.76,2.6
2025-04-08,TechFlow_Retargeting,14489,113,680.73,11,5109.47,0.78,6.02,9.73,7.51
2025-04-09,TechFlow_B2B_Lead_Generation,19271,505,3267.79,33,15663.79,2.62,6.47,6.53,4.79
2025-04-09,TechFlow_Company_Page_Promotion,18695,395,2589.79,56,13050.57,2.11,6.56,14.18,5.04
2025-04-09,TechFlow_Product_Showcase,615,7,52.6,0,0.0,1.14,7.51,0.0,0.0
2025-04-09,TechFlow_Industry_Targeting,19510,259,1501.85,32,10846.65,1.33,5.8,12.36,7.22
2025-04-09,TechFlow_Retargeting,2481,21,192.23,2,670.97,0.85,9.15,9.52,3.49
2025-04-10,TechFlow_B2B_Lead_Generation,7783,206,2093.44,16,7793.7,2.65,10.16,7.77,3.72
2025-04-10,TechFlow_Company_Page_Promotion,11290,139,1225.01,17,4761.76,1.23,8.81,12.23,3.89
2025-04-10,TechFlow_Product_Showcase,6148,125,1472.64,7,3186.67,2.03,11.78,5.6,2.16
2025-04-10,TechFlow_Industry_Targeting,14155,243,2382.69,29,11060.49,1.72,9.81,11.93,4.64
2025-04-10,TechFlow_Retargeting,15735,335,2009.12,40,19110.67,2.13,6.0,11.94,9.51
2025-04-11,TechFlow_B2B_Lead_Generation,4749,95,562.73,8,3745.55,2.0,5.92,8.42,6.66
2025-04-11,TechFlow_Company_Page_Promotion,17312,331,4028.19,44,13139.36,1.91,12.17,13.29,3.26
2025-04-11,TechFlow_Product_Showcase,8599,234,1241.49,28,7310.65,2.72,5.31,11.97,5.89
2025-04-11,TechFlow_Industry_Targeting,7264,186,2273.63,26,12096.26,2.56,12.22,13.98,5.32
2025-04-11,TechFlow_Retargeting,9081,164,1671.65,13,5459.18,1.81,10.19,7.93,3.27
2025-04-12,TechFlow_B2B_Lead_Generation,21930,127,1828.4,13,5616.93,0.58,14.4,10.24,3.07
2025-04-12,TechFlow_Company_Page_Promotion,8216,132,1839.96,10,4378.64,1.61,13.94,7.58,2.38
2025-04-12,TechFlow_Product_Showcase,22625,606,5278.13,34,14489.76,2.68,8.71,5.61,2.75
2025-04-12,TechFlow_Industry_Targeting,13835,146,1759.39,19,6460.1,1.06,12.05,13.01,3.67
2025-04-12,TechFlow_Retargeting,13404,131,1963.53,13,6287.61,0.98,14.99,9.92,3.2
2025-04-13,TechFlow_B2B_Lead_Generation,3348,20,115.27,2,828.15,0.6,5.76,10.0,7.18
2025-04-13,TechFlow_Company_Page_Promotion,13605,111,1514.88,11,3646.46,0.82,13.65,9.91,2.41
2025-04-13,TechFlow_Product_Showcase,11036,185,1790.78,12,5518.98,1.68,9.68,6.49,3.08
2025-04-13,TechFlow_Industry_Targeting,17712,300,3827.46,25,9783.35,1.69,12.76,8.33,2.56
2025-04-13,TechFlow_Retargeting,21106,119,611.88,13,4781.41,0.56,5.14,10.92,7.81
2025-04-14,TechFlow_B2B_Lead_Generation,6997,199,1130.12,29,9355.47,2.84,5.68,14.57,8.28
2025-04-14,TechFlow_Company_Page_Promotion,12888,210,1402.94,26,11215.83,1.63,6.68,12.38,7.99
2025-04-14,TechFlow_Product_Showcase,8963,232,1182.44,34,11517.94,2.59,5.1,14.66,9.74
2025-04-14,TechFlow_Industry_Targeting,19499,229,1404.44,17,6142.2,1.17,6.13,7.42,4.37
2025-04-14,TechFlow_Retargeting,2207,65,471.23,7,2159.21,2.95,7.25,10.77,4.58
2025-04-15,TechFlow_B2B_Lead_Generation,21936,396,5570.0,34,7399.22,1.81,14.07,8.59,1.33
2025-04-15,TechFlow_Company_Page_Promotion,5845,73,917.69,3,1484.75,1.25,12.57,4.11,1.62
2025-04-15,TechFlow_Product_Showcase,22335,279,2952.21,18,5322.86,1.25,10.58,6.45,1.8
2025-04-15,TechFlow_Industry_Targeting,14351,156,2011.2,8,1625.42,1.09,12.89,5.13,0.81
2025-04-15,TechFlow_Retargeting,12282,90,866.14,13,3841.0,0.73,9.62,14.44,4.43
2025-04-16,TechFlow_B2B_Lead_Generation,12969,261,1938.47,15,7015.86,2.01,7.43,5.75,3.62
2025-04-16,TechFlow_Company_Page_Promotion,14707,170,1615.63,14,6699.36,1.16,9.5,8.24,4.15
2025-04-16,TechFlow_Product_Showcase,23730,680,7688.53,82,20212.77,2.87,11.31,12.06,2.63
2025-04-16,TechFlow_Industry_Targeting,17173,123,804.37,13,3253.22,0.72,6.54,10.57,4.04
2025-04-16,TechFlow_Retargeting,12041,314,4410.76,21,9350.22,2.61,14.05,6.69,2.12
2025-04-17,TechFlow_B2B_Lead_Generation,1748,47,401.44,3,1492.27,2.69,8.54,6.38,3.72
2025-04-17,TechFlow_Company_Page_Promotion,23430,434,5759.3,56,13905.93,1.85,13.27,12.9,2.41
2025-04-17,TechFlow_Product_Showcase,13831,247,3014.41,28,9068.86,1.79,12.2,11.34,3.01
2025-04-17,TechFlow_Industry_Targeting,1322,30,323.38,3,733.89,2.27,10.78,10.0,2.27
2025-04-17,TechFlow_Retargeting,4509,24,188.79,2,482.28,0.53,7.87,8.33,2.55
2025-04-18,TechFlow_B2B_Lead_Generation,14509,83,1140.55,11,4817.86,0.57,13.74,13.25,4.22
2025-04-18,TechFlow_Company_Page_Promotion,14371,262,2029.64,16,5690.0,1.82,7.75,6.11,2.8
2025-04-18,TechFlow_Product_Showcase,2100,59,538.06,8,2039.86,2.81,9.12,13.56,3.79
2025-04-18,TechFlow_Industry_Targeting,23811,423,2612.36,49,18405.6,1.78,6.18,11.58,7.05
2025-04-18,TechFlow_Retargeting,4569,102,565.02,6,1955.84,2.23,5.54,5.88,3.46
2025-04-19,TechFlow_B2B_Lead_Generation,4432,47,397.77,3,694.63,1.06,8.46,6.38,1.75
2025-04-19,TechFlow_Company_Page_Promotion,925,22,189.74,2,587.28,2.38,8.62,9.09,3.1
2025-04-19,TechFlow_Product_Showcase,9484,262,1881.41,31,11598.45,2.76,7.18,11.83,6.16
2025-04-19,TechFlow_Industry_Targeting,14636,139,917.64,13,5042.38,0.95,6.6,9.35,5.49
2025-04-19,TechFlow_Retargeting,6557,63,547.47,5,1544.51,0.96,8.69,7.94,2.82
2025-04-20,TechFlow_B2B_Lead_Generation,19327,473,3660.9,61,13156.44,2.45,7.74,12.9,3.59
2025-04-20,TechFlow_Company_Page_Promotion,15092,325,1856.64,27,9800.43,2.15,5.71,8.31,5.28
2025-04-20,TechFlow_Product_Showcase,24942,608,4809.19,55,25672.68,2.44,7.91,9.05,5.34
2025-04-20,TechFlow_Industry_Targeting,12622,283,2448.78,30,12534.68,2.24,8.65,10.6,5.12
2025-04-20,TechFlow_Retargeting,11976,134,1949.36,7,1550.24,1.12,14.55,5.22,0.8
2025-04-21,TechFlow_B2B_Lead_Generation,13452,384,4792.22,23,5260.73,2.85,12.48,5.99,1.1
2025-04-21,TechFlow_Company_Page_Promotion,6072,30,423.45,1,220.04,0.49,14.11,3.33,0.52
2025-04-21,TechFlow_Product_Showcase,12791,330,2525.62,45,13123.01,2.58,7.65,13.64,5.2
2025-04-21,TechFlow_Industry_Targeting,23092,539,7425.43,75,24341.91,2.33,13.78,13.91,3.28
2025-04-21,TechFlow_Retargeting,15412,447,3854.46,22,5069.72,2.9,8.62,4.92,1.32
2025-04-22,TechFlow_B2B_Lead_Generation,11155,232,2977.4,16,6874.53,2.08,12.83,6.9,2.31
2025-04-22,TechFlow_Company_Page_Promotion,22527,591,7535.19,36,14082.85,2.62,12.75,6.09,1.87
2025-04-22,TechFlow_Product_Showcase,1777,33,351.29,2,901.71,1.86,10.65,6.06,2.57
2025-04-22,TechFlow_Industry_Targeting,11291,261,3321.46,18,3856.61,2.31,12.73,6.9,1.16
2025-04-22,TechFlow_Retargeting,14659,430,2325.14,57,11582.45,2.93,5.41,13.26,4.98
2025-04-23,TechFlow_B2B_Lead_Generation,18628,289,2982.75,42,14742.49,1.55,10.32,14.53,4.94
2025-04-23,TechFlow_Company_Page_Promotion,8195,114,805.16,14,4534.07,1.39,7.06,12.28,5.63
2025-04-23,TechFlow_Product_Showcase,2737,16,134.24,1,317.68,0.58,8.39,6.25,2.37
2025-04-23,TechFlow_Industry_Targeting,7630,142,1504.21,19,3869.07,1.86,10.59,13.38,2.57
2025-04-23,TechFlow_Retargeting,12441,304,1809.51,43,14210.21,2.44,5.95,14.14,7.85
2025-04-24,TechFlow_B2B_Lead_Generation,5967,41,209.67,2,926.2,0.69,5.11,4.88,4.42
2025-04-24,TechFlow_Company_Page_Promotion,1297,11,164.92,1,374.57,0.85,14.99,9.09,2.27
2025-04-24,TechFlow_Product_Showcase,16664,229,2571.05,12,5552.58,1.37,11.23,5.24,2.16
2025-04-24,TechFlow_Industry_Targeting,16579,258,3744.7,34,15833.5,1.56,14.51,13.18,4.23
2025-04-24,TechFlow_Retargeting,8582,196,2124.66,21,4410.51,2.28,10.84,10.71,2.08
2025-04-25,TechFlow_B2B_Lead_Generation,3667,100,642.36,8,2625.73,2.73,6.42,8.0,4.09
2025-04-25,TechFlow_Company_Page_Promotion,13787,391,2016.47,39,18010.04,2.84,5.16,9.97,8.93
2025-04-25,TechFlow_Product_Showcase,22693,180,1511.19,12,3322.66,0.79,8.4,6.67,2.2
2025-04-25,TechFlow_Industry_Targeting,18733,513,5280.4,67,26549.19,2.74,10.29,13.06,5.03
2025-04-25,TechFlow_Retargeting,16996,365,2605.85,38,14386.53,2.15,7.14,10.41,5.52
2025-04-26,TechFlow_B2B_Lead_Generation,18831,127,1856.76,14,3050.53,0.67,14.62,11.02,1.64
2025-04-26,TechFlow_Company_Page_Promotion,14571,134,1796.47,14,4233.11,0.92,13.41,10.45,2.36
2025-04-26,TechFlow_Product_Showcase,3439,67,778.03,8,2282.44,1.95,11.61,11.94,2.93
2025-04-26,TechFlow_Industry_Targeting,11504,88,543.4,6,2434.96,0.76,6.17,6.82,4.48
2025-04-26,TechFlow_Retargeting,22780,552,5737.29,59,13779.36,2.42,10.39,10.69,2.4
2025-04-27,TechFlow_B2B_Lead_Generation,11423,258,2717.82,18,6457.73,2.26,10.53,6.98,2.38
2025-04-27,TechFlow_Company_Page_Promotion,6108,137,2029.59,18,3621.78,2.24,14.81,13.14,1.78
2025-04-27,TechFlow_Product_Showcase,8179,217,2872.46,29,7351.51,2.65,13.24,13.36,2.56
2025-04-27,TechFlow_Industry_Targeting,24799,150,1000.08,19,6462.7,0.6,6.67,12.67,6.46
2025-04-27,TechFlow_Retargeting,10579,190,1498.58,11,3054.7,1.8,7.89,5.79,2.04
2025-04-28,TechFlow_B2B_Lead_Generation,21457,528,7294.59,74,22501.79,2.46,13.82,14.02,3.08
2025-04-28,TechFlow_Company_Page_Promotion,12094,134,1079.64,8,3247.75,1.11,8.06,5.97,3.01
2025-04-28,TechFlow_Product_Showcase,17492,141,1861.57,7,2830.98,0.81,13.2,4.96,1.52
2025-04-28,TechFlow_Industry_Targeting,593,10,62.46,0,0.0,1.69,6.25,0.0,0.0
2025-04-28,TechFlow_Retargeting,12298,258,1968.65,33,8154.91,2.1,7.63,12.79,4.14
2025-04-29,TechFlow_B2B_Lead_Generation,23427,670,6719.85,49,19753.42,2.86,10.03,7.31,2.94
2025-04-29,TechFlow_Company_Page_Promotion,20865,167,2062.52,16,4544.85,0.8,12.35,9.58,2.2
2025-04-29,TechFlow_Product_Showcase,13254,86,595.86,6,2646.16,0.65,6.93,6.98,4.44
2025-04-29,TechFlow_Industry_Targeting,1862,18,222.12,1,435.47,0.97,12.34,5.56,1.96
2025-04-29,TechFlow_Retargeting,11435,119,727.5,12,5201.68,1.04,6.11,10.08,7.15
2025-04-30,TechFlow_B2B_Lead_Generation,12142,352,4884.68,27,7146.34,2.9,13.88,7.67,1.46
2025-04-30,TechFlow_Company_Page_Promotion,17911,258,3198.77,17,8146.1,1.44,12.4,6.59,2.55
2025-04-30,TechFlow_Product_Showcase,14883,166,2200.52,22,10361.32,1.12,13.26,13.25,4.71
2025-04-30,TechFlow_Industry_Targeting,11171,211,2216.98,26,7297.2,1.89,10.51,12.32,3.29
2025-04-30,TechFlow_Retargeting,6537,143,939.68,9,3765.58,2.19,6.57,6.29,4.01
2025-05-01,TechFlow_B2B_Lead_Generation,15447,420,3169.01,45,17967.94,2.72,7.55,10.71,5.67
2025-05-01,TechFlow_Company_Page_Promotion,21130,457,3428.04,53,13707.17,2.16,7.5,11.6,4.0
2025-05-01,TechFlow_Product_Showcase,16157,187,2182.22,15,4409.3,1.16,11.67,8.02,2.02
2025-05-01,TechFlow_Industry_Targeting,20835,244,1801.11,17,6731.09,1.17,7.38,6.97,3.74
2025-05-01,TechFlow_Retargeting,21397,637,5146.39,76,16869.65,2.98,8.08,11.93,3.28
2025-05-02,TechFlow_B2B_Lead_Generation,19699,511,3434.22,67,18657.75,2.59,6.72,13.11,5.43
2025-05-02,TechFlow_Company_Page_Promotion,5072,33,218.85,3,648.99,0.65,6.63,9.09,2.97
2025-05-02,TechFlow_Product_Showcase,18489,362,5393.93,32,7670.03,1.96,14.9,8.84,1.42
2025-05-02,TechFlow_Industry_Targeting,16680,332,3838.54,29,11589.18,1.99,11.56,8.73,3.02
2025-05-02,TechFlow_Retargeting,12638,180,1081.34,19,7115.61,1.42,6.01,10.56,6.58
2025-05-03,TechFlow_B2B_Lead_Generation,2223,62,533.9,3,961.0,2.79,8.61,4.84,1.8
2025-05-03,TechFlow_Company_Page_Promotion,17520,111,1485.6,13,4890.02,0.63,13.38,11.71,3.29
2025-05-03,TechFlow_Product_Showcase,22332,631,8985.06,68,15481.92,2.83,14.24,10.78,1.72
2025-05-03,TechFlow_Industry_Targeting,23153,188,2765.01,13,4787.12,0.81,14.71,6.91,1.73
2025-05-03,TechFlow_Retargeting,5811,111,966.75,9,3595.08,1.91,8.71,8.11,3.72
2025-05-04,TechFlow_B2B_Lead_Generation,17373,300,4154.41,18,3863.64,1.73,13.85,6.0,0.93
2025-05-04,TechFlow_Company_Page_Promotion,12371,278,3954.37,28,7353.85,2.25,14.22,10.07,1.86
2025-05-04,TechFlow_Product_Showcase,17881,161,1918.47,19,4739.85,0.9,11.92,11.8,2.47
2025-05-04,TechFlow_Industry_Targeting,6838,40,588.65,4,906.93,0.58,14.72,10.0,1.54
2025-05-04,TechFlow_Retargeting,13942,246,1468.52,13,4839.37,1.76,5.97,5.28,3.3
2025-05-05,TechFlow_B2B_Lead_Generation,10000,93,1265.41,9,2857.58,0.93,13.61,9.68,2.26
2025-05-05,TechFlow_Company_Page_Promotion,7962,146,1256.16,17,4496.41,1.83,8.6,11.64,3.58
2025-05-05,TechFlow_Product_Showcase,14773,365,2794.96,33,7770.88,2.47,7.66,9.04,2.78
2025-05-05,TechFlow_Industry_Targeting,20446,355,4356.22,37,13174.29,1.74,12.27,10.42,3.02
2025-05-05,TechFlow_Retargeting,19043,350,4941.24,34,6867.73,1.84,14.12,9.71,1.39
2025-05-06,TechFlow_B2B_Lead_Generation,4821,127,918.14,8,2129.68,2.63,7.23,6.3,2.32
2025-05-06,TechFlow_Company_Page_Promotion,6784,50,372.61,7,3139.91,0.74,7.45,14.0,8.43
2025-05-06,TechFlow_Product_Showcase,10083,170,1379.34,12,5768.73,1.69,8.11,7.06,4.18
2025-05-06,TechFlow_Industry_Targeting,6703,98,1405.68,6,2580.69,1.46,14.34,6.12,1.84
2025-05-06,TechFlow_Retargeting,5429,88,1244.53,7,2727.69,1.62,14.14,7.95,2.19
2025-05-07,TechFlow_B2B_Lead_Generation,4358,35,432.14,3,833.7,0.8,12.35,8.57,1.93
2025-05-07,TechFlow_Company_Page_Promotion,5517,49,331.46,4,1022.73,0.89,6.76,8.16,3.09
2025-05-07,TechFlow_Product_Showcase,3888,51,732.09,2,908.13,1.31,14.35,3.92,1.24
2025-05-07,TechFlow_Industry_Targeting,3189,91,877.44,6,2333.43,2.85,9.64,6.59,2.66
2025-05-07,TechFlow_Retargeting,16444,114,962.88,16,5397.42,0.69,8.45,14.04,5.61
2025-05-08,TechFlow_B2B_Lead_Generation,21130,438,4251.42,36,17819.9,2.07,9.71,8.22,4.19
2025-05-08,TechFlow_Company_Page_Promotion,19101,213,2072.3,18,8917.23,1.12,9.73,8.45,4.3
2025-05-08,TechFlow_Product_Showcase,14204,342,3564.68,38,18834.09,2.41,10.42,11.11,5.28
2025-05-08,TechFlow_Industry_Targeting,14716,269,1389.61,16,6285.4,1.83,5.17,5.95,4.52
2025-05-08,TechFlow_Retargeting,13390,112,892.5,7,2964.98,0.84,7.97,6.25,3.32
2025-05-09,TechFlow_B2B_Lead_Generation,14942,91,1357.29,9,3992.34,0.61,14.92,9.89,2.94
2025-05-09,TechFlow_Company_Page_Promotion,22919,612,5045.86,76,36184.39,2.67,8.24,12.42,7.17
2025-05-09,TechFlow_Product_Showcase,5599,108,1289.13,6,2418.53,1.93,11.94,5.56,1.88
2025-05-09,TechFlow_Industry_Targeting,7231,58,665.02,3,1028.71,0.8,11.47,5.17,1.55
2025-05-09,TechFlow_Retargeting,7465,78,421.46,4,1448.85,1.04,5.4,5.13,3.44
2025-05-10,TechFlow_B2B_Lead_Generation,12223,127,1081.04,8,2483.13,1.04,8.51,6.3,2.3
2025-05-10,TechFlow_Company_Page_Promotion,22202,515,7244.73,31,7146.09,2.32,14.07,6.02,0.99
2025-05-10,TechFlow_Product_Showcase,6842,71,970.79,5,1086.83,1.04,13.67,7.04,1.12
2025-05-10,TechFlow_Industry_Targeting,4749,118,1299.05,9,1960.23,2.48,11.01,7.63,1.51
2025-05-10,TechFlow_Retargeting,10808,95,1323.25,11,5087.12,0.88,13.93,11.58,3.84
2025-05-11,TechFlow_B2B_Lead_Generation,15175,340,4607.65,49,13348.39,2.24,13.55,14.41,2.9
2025-05-11,TechFlow_Company_Page_Promotion,896,22,227.86,2,984.58,2.46,10.36,9.09,4.32
2025-05-11,TechFlow_Product_Showcase,18361,134,680.86,9,4297.2,0.73,5.08,6.72,6.31
2025-05-11,TechFlow_Industry_Targeting,23396,628,4263.5,51,12954.88,2.68,6.79,8.12,3.04
2025-05-11,TechFlow_Retargeting,18175,285,2262.31,21,10499.7,1.57,7.94,7.37,4.64
2025-05-12,TechFlow_B2B_Lead_Generation,2234,22,326.16,3,975.41,0.98,14.83,13.64,2.99
2025-05-12,TechFlow_Company_Page_Promotion,586,5,53.25,0,0.0,0.85,10.65,0.0,0.0
2025-05-12,TechFlow_Product_Showcase,15700,282,2455.26,27,6132.41,1.8,8.71,9.57,2.5
2025-05-12,TechFlow_Industry_Targeting,3612,35,413.3,4,1900.01,0.97,11.81,11.43,4.6
2025-05-12,TechFlow_Retargeting,5134,44,351.41,3,1104.62,0.86,7.99,6.82,3.14
2025-05-13,TechFlow_B2B_Lead_Generation,11702,106,926.16,7,1885.28,0.91,8.74,6.6,2.04
2025-05-13,TechFlow_Company_Page_Promotion,3553,101,632.5,11,2780.66,2.84,6.26,10.89,4.4
2025-05-13,TechFlow_Product_Showcase,18347,385,2878.71,47,15413.45,2.1,7.48,12.21,5.35
2025-05-13,TechFlow_Industry_Targeting,6854,88,876.15,13,3442.86,1.28,9.96,14.77,3.93
2025-05-13,TechFlow_Retargeting,20488,453,6026.27,66,18959.0,2.21,13.3,14.57,3.15
2025-05-14,TechFlow_B2B_Lead_Generation,7302,89,1217.61,5,1057.04,1.22,13.68,5.62,0.87
2025-05-14,TechFlow_Company_Page_Promotion,23374,299,3984.21,31,11429.56,1.28,13.33,10.37,2.87
2025-05-14,TechFlow_Product_Showcase,17788,373,5244.14,46,20184.65,2.1,14.06,12.33,3.85
2025-05-14,TechFlow_Industry_Targeting,19462,149,2037.25,13,5374.2,0.77,13.67,8.72,2.64
2025-05-14,TechFlow_Retargeting,21583,429,3517.5,47,17137.01,1.99,8.2,10.96,4.87
2025-05-15,TechFlow_B2B_Lead_Generation,10369,64,538.9,4,1298.62,0.62,8.42,6.25,2.41
2025-05-15,TechFlow_Company_Page_Promotion,4467,103,937.3,7,2683.93,2.31,9.1,6.8,2.86
2025-05-15,TechFlow_Product_Showcase,1602,36,324.29,5,1424.83,2.25,9.01,13.89,4.39
2025-05-15,TechFlow_Industry_Targeting,21307,442,2595.9,65,30821.83,2.07,5.87,14.71,11.87
2025-05-15,TechFlow_Retargeting,2403,69,1002.47,7,3153.4,2.87,14.53,10.14,3.15
2025-05-16,TechFlow_B2B_Lead_Generation,24340,695,5562.12,65,28130.23,2.86,8.0,9.35,5.06
2025-05-16,TechFlow_Company_Page_Promotion,13907,222,3237.63,13,5562.9,1.6,14.58,5.86,1.72
2025-05-16,TechFlow_Product_Showcase,14887,205,2752.68,21,9047.75,1.38,13.43,10.24,3.29
2025-05-16,TechFlow_Industry_Targeting,19073,147,1103.6,18,4458.35,0.77,7.51,12.24,4.04
2025-05-16,TechFlow_Retargeting,22831,611,3785.97,79,30044.12,2.68,6.2,12.93,7.94
2025-05-17,TechFlow_B2B_Lead_Generation,2656,25,261.68,1,240.05,0.94,10.47,4.0,0.92
2025-05-17,TechFlow_Company_Page_Promotion,15142,445,6068.51,64,22181.99,2.94,13.64,14.38,3.66
2025-05-17,TechFlow_Product_Showcase,23233,446,5943.79,52,11503.85,1.92,13.33,11.66,1.94
2025-05-17,TechFlow_Industry_Targeting,16091,282,3176.57,24,6725.99,1.75,11.26,8.51,2.12
2025-05-17,TechFlow_Retargeting,19272,487,5979.05,40,12125.21,2.53,12.28,8.21,2.03
2025-05-18,TechFlow_B2B_Lead_Generation,14115,402,4429.29,24,9512.9,2.85,11.02,5.97,2.15
2025-05-18,TechFlow_Company_Page_Promotion,21726,266,1907.89,21,6798.51,1.22,7.17,7.89,3.56
2025-05-18,TechFlow_Product_Showcase,7098,101,1008.4,8,3952.35,1.42,9.98,7.92,3.92
2025-05-18,TechFlow_Industry_Targeting,17149,309,1844.85,30,10599.48,1.8,5.97,9.71,5.75
2025-05-18,TechFlow_Retargeting,3480,65,741.25,5,1872.72,1.87,11.4,7.69,2.53
2025-05-19,TechFlow_B2B_Lead_Generation,1283,24,252.49,2,453.05,1.87,10.52,8.33,1.79
2025-05-19,TechFlow_Company_Page_Promotion,12527,105,1092.37,10,2786.0,0.84,10.4,9.52,2.55
2025-05-19,TechFlow_Product_Showcase,23340,677,3414.2,88,27622.93,2.9,5.04,13.0,8.09
2025-05-19,TechFlow_Industry_Targeting,11190,306,4222.25,25,11107.2,2.73,13.8,8.17,2.63
2025-05-19,TechFlow_Retargeting,14790,414,4299.17,37,14238.1,2.8,10.38,8.94,3.31
2025-05-20,TechFlow_B2B_Lead_Generation,16443,142,1325.87,10,3004.55,0.86,9.34,7.04,2.27
2025-05-20,TechFlow_Company_Page_Promotion,5097,108,1273.44,13,4223.67,2.12,11.79,12.04,3.32
2025-05-20,TechFlow_Product_Showcase,7549,181,1706.7,20,5375.59,2.4,9.43,11.05,3.15
2025-05-20,TechFlow_Industry_Targeting,4513,58,427.47,7,2726.99,1.29,7.37,12.07,6.38
2025-05-20,TechFlow_Retargeting,1519,35,509.73,4,852.35,2.3,14.56,11.43,1.67
2025-05-21,TechFlow_B2B_Lead_Generation,22372,557,7260.97,70,28887.0,2.49,13.04,12.57,3.98
2025-05-21,TechFlow_Company_Page_Promotion,9160,66,976.55,9,2435.17,0.72,14.8,13.64,2.49
2025-05-21,TechFlow_Product_Showcase,14846,428,4739.33,61,16959.9,2.88,11.07,14.25,3.58
2025-05-21,TechFlow_Industry_Targeting,12417,342,2820.4,28,7904.91,2.75,8.25,8.19,2.8
2025-05-21,TechFlow_Retargeting,8451,126,731.57,7,2132.5,1.49,5.81,5.56,2.91
2025-05-22,TechFlow_B2B_Lead_Generation,16257,240,3279.32,33,11164.55,1.48,13.66,13.75,3.4
2025-05-22,TechFlow_Company_Page_Promotion,19168,106,590.05,14,5370.43,0.55,5.57,13.21,9.1
2025-05-22,TechFlow_Product_Showcase,14060,142,1545.48,21,4269.35,1.01,10.88,14.79,2.76
2025-05-22,TechFlow_Industry_Targeting,23518,365,2817.17,38,8107.34,1.55,7.72,10.41,2.88
2025-05-22,TechFlow_Retargeting,13075,228,2441.12,32,7562.69,1.74,10.71,14.04,3.1
2025-05-23,TechFlow_B2B_Lead_Generation,19267,442,5610.13,30,13570.49,2.29,12.69,6.79,2.42
2025-05-23,TechFlow_Company_Page_Promotion,10401,134,1470.06,15,3925.14,1.29,10.97,11.19,2.67
2025-05-23,TechFlow_Product_Showcase,16254,138,1063.01,7,3465.56,0.85,7.7,5.07,3.26
2025-05-23,TechFlow_Industry_Targeting,20067,296,2290.41,26,5401.27,1.48,7.74,8.78,2.36
2025-05-23,TechFlow_Retargeting,8527,191,1079.21,26,10175.36,2.24,5.65,13.61,9.43
2025-05-24,TechFlow_B2B_Lead_Generation,11046,238,2188.25,27,7547.11,2.15,9.19,11.34,3.45
2025-05-24,TechFlow_Company_Page_Promotion,17131,479,2610.8,45,9501.53,2.8,5.45,9.39,3.64
2025-05-24,TechFlow_Product_Showcase,1363,33,432.99,2,606.54,2.42,13.12,6.06,1.4
2025-05-24,TechFlow_Industry_Targeting,3054,49,317.96,6,2637.74,1.6,6.49,12.24,8.3
2025-05-24,TechFlow_Retargeting,21741,212,1543.81,30,12598.16,0.98,7.28,14.15,8.16
2025-05-25,TechFlow_B2B_Lead_Generation,22445,424,5119.16,48,16679.51,1.89,12.07,11.32,3.26
2025-05-25,TechFlow_Company_Page_Promotion,18843,295,2763.15,22,5689.47,1.57,9.37,7.46,2.06
2025-05-25,TechFlow_Product_Showcase,24104,498,7418.35,57,16891.18,2.07,14.9,11.45,2.28
2025-05-25,TechFlow_Industry_Targeting,24554,256,2501.47,27,8803.67,1.04,9.77,10.55,3.52
2025-05-25,TechFlow_Retargeting,9529,158,2332.35,16,4991.87,1.66,14.76,10.13,2.14
2025-05-26,TechFlow_B2B_Lead_Generation,22470,579,8233.04,75,24489.6,2.58,14.22,12.95,2.97
2025-05-26,TechFlow_Company_Page_Promotion,8648,225,1299.84,33,15480.1,2.6,5.78,14.67,11.91
2025-05-26,TechFlow_Product_Showcase,21799,359,3027.87,29,9568.66,1.65,8.43,8.08,3.16
2025-05-26,TechFlow_Industry_Targeting,22365,238,3243.86,24,6177.27,1.06,13.63,10.08,1.9
2025-05-26,TechFlow_Retargeting,9403,187,1565.28,11,4380.42,1.99,8.37,5.88,2.8
2025-05-27,TechFlow_B2B_Lead_Generation,11768,239,3244.4,31,14492.87,2.03,13.57,12.97,4.47
2025-05-27,TechFlow_Company_Page_Promotion,1324,39,562.51,2,682.29,2.95,14.42,5.13,1.21
2025-05-27,TechFlow_Product_Showcase,16684,290,1985.48,42,12702.37,1.74,6.85,14.48,6.4
2025-05-27,TechFlow_Industry_Targeting,12758,296,3759.41,33,6713.4,2.32,12.7,11.15,1.79
2025-05-27,TechFlow_Retargeting,1891,36,265.47,3,1018.25,1.9,7.37,8.33,3.84
2025-05-28,TechFlow_B2B_Lead_Generation,21695,366,5041.73,46,13563.95,1.69,13.78,12.57,2.69
2025-05-28,TechFlow_Company_Page_Promotion,23569,584,5714.07,59,29390.19,2.48,9.78,10.1,5.14
2025-05-28,TechFlow_Product_Showcase,9501,109,1319.43,14,4535.87,1.15,12.1,12.84,3.44
2025-05-28,TechFlow_Industry_Targeting,6754,108,1028.72,9,3872.05,1.6,9.53,8.33,3.76
2025-05-28,TechFlow_Retargeting,23086,610,7989.38,37,13164.79,2.64,13.1,6.07,1.65
2025-05-29,TechFlow_B2B_Lead_Generation,19589,567,7980.06,54,25884.73,2.89,14.07,9.52,3.24
2025-05-29,TechFlow_Company_Page_Promotion,13832,377,5148.69,55,19299.69,2.73,13.66,14.59,3.75
2025-05-29,TechFlow_Product_Showcase,5771,94,1219.07,9,3011.9,1.63,12.97,9.57,2.47
2025-05-29,TechFlow_Industry_Targeting,21335,353,2632.09,21,4894.41,1.65,7.46,5.95,1.86
2025-05-29,TechFlow_Retargeting,5016,36,289.66,2,756.82,0.72,8.05,5.56,2.61
2025-05-30,TechFlow_B2B_Lead_Generation,17883,467,4779.98,57,16648.09,2.61,10.24,12.21,3.48
2025-05-30,TechFlow_Company_Page_Promotion,12891,208,2064.41,26,7227.25,1.61,9.93,12.5,3.5
2025-05-30,TechFlow_Product_Showcase,6216,182,2148.69,13,6012.42,2.93,11.81,7.14,2.8
2025-05-30,TechFlow_Industry_Targeting,8874,84,565.85,9,2234.26,0.95,6.74,10.71,3.95
2025-05-30,TechFlow_Retargeting,2650,27,237.22,2,805.87,1.02,8.79,7.41,3.4
2025-05-31,TechFlow_B2B_Lead_Generation,13474,299,3191.87,16,6475.75,2.22,10.68,5.35,2.03
2025-05-31,TechFlow_Company_Page_Promotion,5506,127,1307.17,12,2490.42,2.31,10.29,9.45,1.91
2025-05-31,TechFlow_Product_Showcase,11912,209,1925.91,28,10070.51,1.75,9.21,13.4,5.23
2025-05-31,TechFlow_Industry_Targeting,23070,588,3338.61,35,12723.64,2.55,5.68,5.95,3.81
2025-05-31,TechFlow_Retargeting,19924,344,4154.32,25,7148.26,1.73,12.08,7.27,1.72
2025-06-01,TechFlow_B2B_Lead_Generation,1695,16,83.66,2,825.12,0.94,5.23,12.5,9.86
2025-06-01,TechFlow_Company_Page_Promotion,9332,59,434.86,5,1894.29,0.63,7.37,8.47,4.36
2025-06-01,TechFlow_Product_Showcase,2305,12,122.68,1,474.43,0.52,10.22,8.33,3.87
2025-06-01,TechFlow_Industry_Targeting,12433,236,1625.55,16,7619.41,1.9,6.89,6.78,4.69
2025-06-01,TechFlow_Retargeting,2269,61,690.54,6,2176.99,2.69,11.32,9.84,3.15
2025-06-02,TechFlow_B2B_Lead_Generation,10972,147,1092.58,14,5278.85,1.34,7.43,9.52,4.83
2025-06-02,TechFlow_Company_Page_Promotion,24558,481,2877.21,48,13931.2,1.96,5.98,9.98,4.84
2025-06-02,TechFlow_Product_Showcase,11789,352,3875.36,28,10653.32,2.99,11.01,7.95,2.75
2025-06-02,TechFlow_Industry_Targeting,20348,399,5513.88,57,15596.25,1.96,13.82,14.29,2.83
2025-06-02,TechFlow_Retargeting,19574,189,1094.94,20,8656.01,0.97,5.79,10.58,7.91
2025-06-03,TechFlow_B2B_Lead_Generation,21209,128,715.19,6,2701.6,0.6,5.59,4.69,3.78
2025-06-03,TechFlow_Company_Page_Promotion,11341,259,2349.58,32,10060.69,2.28,9.07,12.36,4.28
2025-06-03,TechFlow_Product_Showcase,15416,373,3431.63,38,17772.03,2.42,9.2,10.19,5.18
2025-06-03,TechFlow_Industry_Targeting,8069,205,2281.37,13,4820.13,2.54,11.13,6.34,2.11
2025-06-03,TechFlow_Retargeting,9907,194,1063.62,24,8691.79,1.96,5.48,12.37,8.17
2025-06-04,TechFlow_B2B_Lead_Generation,20476,158,1476.4,10,3760.49,0.77,9.34,6.33,2.55
2025-06-04,TechFlow_Company_Page_Promotion,8938,213,2648.63,24,5967.46,2.38,12.43,11.27,2.25
2025-06-04,TechFlow_Product_Showcase,15492,79,744.31,8,3951.71,0.51,9.42,10.13,5.31
2025-06-04,TechFlow_Industry_Targeting,16865,254,3269.02,30,9486.08,1.51,12.87,11.81,2.9
2025-06-04,TechFlow_Retargeting,10767,99,1385.47,8,2535.35,0.92,13.99,8.08,1.83
2025-06-05,TechFlow_B2B_Lead_Generation,8588,246,3241.17,16,3665.46,2.86,13.18,6.5,1.13
2025-06-05,TechFlow_Company_Page_Promotion,17946,482,6976.43,61,21148.81,2.69,14.47,12.66,3.03
2025-06-05,TechFlow_Product_Showcase,3533,56,780.33,5,1875.43,1.59,13.93,8.93,2.4
2025-06-05,TechFlow_Industry_Targeting,2875,21,171.83,2,735.92,0.73,8.18,9.52,4.28
2025-06-05,TechFlow_Retargeting,24257,559,4534.48,73,25842.15,2.3,8.11,13.06,5.7
2025-06-06,TechFlow_B2B_Lead_Generation,22041,448,5824.78,55,17856.72,2.03,13.0,12.28,3.07
2025-06-06,TechFlow_Company_Page_Promotion,14583,353,2882.12,46,16958.85,2.42,8.16,13.03,5.88
2025-06-06,TechFlow_Product_Showcase,7826,56,350.62,7,1422.82,0.72,6.26,12.5,4.06
2025-06-06,TechFlow_Industry_Targeting,19857,395,3215.21,25,11970.77,1.99,8.14,6.33,3.72
2025-06-06,TechFlow_Retargeting,14766,363,3091.37,29,10762.33,2.46,8.52,7.99,3.48
2025-06-07,TechFlow_B2B_Lead_Generation,1553,20,128.02,1,391.04,1.29,6.4,5.0,3.05
2025-06-07,TechFlow_Company_Page_Promotion,24615,182,2008.31,11,3505.98,0.74,11.03,6.04,1.75
2025-06-07,TechFlow_Product_Showcase,14732,378,3898.74,31,9817.69,2.57,10.31,8.2,2.52
2025-06-07,TechFlow_Industry_Targeting,17055,487,5696.32,44,8817.32,2.86,11.7,9.03,1.55
2025-06-07,TechFlow_Retargeting,5885,133,1298.5,19,4763.1,2.26,9.76,14.29,3.67
2025-06-08,TechFlow_B2B_Lead_Generation,11863,264,2200.09,15,6583.17,2.23,8.33,5.68,2.99
2025-06-08,TechFlow_Company_Page_Promotion,6241,161,1709.02,9,2694.18,2.58,10.62,5.59,1.58
2025-06-08,TechFlow_Product_Showcase,2619,28,318.0,3,669.08,1.07,11.36,10.71,2.1
2025-06-08,TechFlow_Industry_Targeting,7246,75,867.07,6,1863.18,1.04,11.56,8.0,2.15
2025-06-08,TechFlow_Retargeting,2035,38,503.33,5,1484.96,1.87,13.25,13.16,2.95
2025-06-09,TechFlow_B2B_Lead_Generation,9036,244,1406.29,18,7299.27,2.7,5.76,7.38,5.19
2025-06-09,TechFlow_Company_Page_Promotion,19435,530,5625.82,64,25922.76,2.73,10.61,12.08,4.61
2025-06-09,TechFlow_Product_Showcase,4410,84,951.98,5,2496.14,1.9,11.33,5.95,2.62
2025-06-09,TechFlow_Industry_Targeting,8987,89,516.26,6,2389.08,0.99,5.8,6.74,4.63
2025-06-09,TechFlow_Retargeting,17010,350,1832.37,48,21004.39,2.06,5.24,13.71,11.46
2025-06-10,TechFlow_B2B_Lead_Generation,15121,181,1778.1,14,6021.46,1.2,9.82,7.73,3.39
2025-06-10,TechFlow_Company_Page_Promotion,2553,74,459.86,6,1491.45,2.9,6.21,8.11,3.24
2025-06-10,TechFlow_Product_Showcase,18024,445,3751.27,61,27860.53,2.47,8.43,13.71,7.43
2025-06-10,TechFlow_Industry_Targeting,22049,606,3812.71,63,22955.03,2.75,6.29,10.4,6.02
2025-06-10,TechFlow_Retargeting,14980,333,2743.43,33,14061.07,2.22,8.24,9.91,5.13
2025-06-11,TechFlow_B2B_Lead_Generation,19737,261,2514.78,35,8215.68,1.32,9.64,13.41,3.27
2025-06-11,TechFlow_Company_Page_Promotion,1623,23,265.95,1,330.75,1.42,11.56,4.35,1.24
2025-06-11,TechFlow_Product_Showcase,19521,536,4586.6,47,17913.05,2.75,8.56,8.77,3.91
2025-06-11,TechFlow_Industry_Targeting,11706,137,1607.85,14,5177.72,1.17,11.74,10.22,3.22
2025-06-11,TechFlow_Retargeting,18594,290,3266.57,18,7898.86,1.56,11.26,6.21,2.42
2025-06-12,TechFlow_B2B_Lead_Generation,19771,574,4870.38,34,7628.54,2.9,8.48,5.92,1.57
2025-06-12,TechFlow_Company_Page_Promotion,15125,138,759.36,7,3179.0,0.91,5.5,5.07,4.19
2025-06-12,TechFlow_Product_Showcase,21604,371,4957.39,29,6142.3,1.72,13.36,7.82,1.24
2025-06-12,TechFlow_Industry_Targeting,14831,155,1217.81,12,5361.44,1.05,7.86,7.74,4.4
2025-06-12,TechFlow_Retargeting,17901,447,3596.87,24,8672.9,2.5,8.05,5.37,2.41
2025-06-13,TechFlow_B2B_Lead_Generation,1824,28,302.19,2,872.33,1.54,10.79,7.14,2.89
2025-06-13,TechFlow_Company_Page_Promotion,16357,225,2480.44,30,6428.63,1.38,11.02,13.33,2.59
2025-06-13,TechFlow_Product_Showcase,8267,86,453.17,8,2489.56,1.04,5.27,9.3,5.49
2025-06-13,TechFlow_Industry_Targeting,23938,439,4710.97,28,10653.24,1.83,10.73,6.38,2.26
2025-06-13,TechFlow_Retargeting,14731,240,3361.81,19,5256.05,1.63,14.01,7.92,1.56
2025-06-14,TechFlow_B2B_Lead_Generation,10193,298,4343.71,28,9673.16,2.92,14.58,9.4,2.23
2025-06-14,TechFlow_Company_Page_Promotion,1069,12,101.82,1,366.0,1.12,8.49,8.33,3.59
2025-06-14,TechFlow_Product_Showcase,683,18,236.89,2,583.95,2.64,13.16,11.11,2.47
2025-06-14,TechFlow_Industry_Targeting,16297,356,3056.59,46,19307.84,2.18,8.59,12.92,6.32
2025-06-14,TechFlow_Retargeting,16319,488,7162.72,66,17400.68,2.99,14.68,13.52,2.43
2025-06-15,TechFlow_B2B_Lead_Generation,21131,389,2725.45,52,13011.42,1.84,7.01,13.37,4.77
2025-06-15,TechFlow_Company_Page_Promotion,22737,466,5005.26,63,27361.01,2.05,10.74,13.52,5.47
2025-06-15,TechFlow_Product_Showcase,7545,37,404.0,4,1363.91,0.49,10.92,10.81,3.38
2025-06-15,TechFlow_Industry_Targeting,14002,404,5705.13,26,8940.13,2.89,14.12,6.44,1.57
2025-06-15,TechFlow_Retargeting,6548,149,1504.12,9,3167.97,2.28,10.09,6.04,2.11
2025-06-16,TechFlow_B2B_Lead_Generation,12065,104,936.32,5,1088.56,0.86,9.0,4.81,1.16
2025-06-16,TechFlow_Company_Page_Promotion,20639,483,3916.07,43,16254.98,2.34,8.11,8.9,4.15
2025-06-16,TechFlow_Product_Showcase,6800,123,1800.83,10,3998.49,1.81,14.64,8.13,2.22
2025-06-16,TechFlow_Industry_Targeting,14902,284,2923.54,40,18973.53,1.91,10.29,14.08,6.49
2025-06-16,TechFlow_Retargeting,4248,60,593.89,6,1355.57,1.41,9.9,10.0,2.28
2025-06-17,TechFlow_B2B_Lead_Generation,16825,181,1848.12,24,5609.45,1.08,10.21,13.26,3.04
2025-06-17,TechFlow_Company_Page_Promotion,16411,98,724.46,9,3565.82,0.6,7.39,9.18,4.92
2025-06-17,TechFlow_Product_Showcase,13088,104,1395.51,9,2048.24,0.79,13.42,8.65,1.47
2025-06-17,TechFlow_Industry_Targeting,18317,465,5433.76,38,13391.42,2.54,11.69,8.17,2.46
2025-06-17,TechFlow_Retargeting,8245,139,1835.25,8,3052.2,1.69,13.2,5.76,1.66
2025-06-18,TechFlow_B2B_Lead_Generation,1315,7,73.56,0,0.0,0.53,10.51,0.0,0.0
2025-06-18,TechFlow_Company_Page_Promotion,20918,533,4756.04,62,26045.77,2.55,8.92,11.63,5.48
2025-06-18,TechFlow_Product_Showcase,2635,49,668.65,4,877.68,1.86,13.65,8.16,1.31
2025-06-18,TechFlow_Industry_Targeting,18136,156,1809.29,15,6885.82,0.86,11.6,9.62,3.81
2025-06-18,TechFlow_Retargeting,15319,240,3297.86,21,4818.67,1.57,13.74,8.75,1.46
2025-06-19,TechFlow_B2B_Lead_Generation,7541,76,627.61,10,4910.7,1.01,8.26,13.16,7.82
2025-06-19,TechFlow_Company_Page_Promotion,988,12,144.3,1,441.27,1.21,12.02,8.33,3.06
2025-06-19,TechFlow_Product_Showcase,15527,413,3221.81,59,13373.54,2.66,7.8,14.29,4.15
2025-06-19,TechFlow_Industry_Targeting,15345,218,3105.44,18,5502.89,1.42,14.25,8.26,1.77
2025-06-19,TechFlow_Retargeting,3663,89,743.86,12,4714.57,2.43,8.36,13.48,6.34
2025-06-20,TechFlow_B2B_Lead_Generation,6030,78,913.28,10,2970.61,1.29,11.71,12.82,3.25
2025-06-20,TechFlow_Company_Page_Promotion,20159,535,3201.75,78,29234.17,2.65,5.98,14.58,9.13
2025-06-20,TechFlow_Product_Showcase,19142,382,4913.28,49,14808.54,2.0,12.86,12.83,3.01
2025-06-20,TechFlow_Industry_Targeting,8785,206,2491.35,14,3673.01,2.34,12.09,6.8,1.47
2025-06-20,TechFlow_Retargeting,13502,315,2285.22,39,9340.2,2.33,7.25,12.38,4.09
2025-06-21,TechFlow_B2B_Lead_Generation,14254,173,1041.03,20,5516.69,1.21,6.02,11.56,5.3
2025-06-21,TechFlow_Company_Page_Promotion,4619,75,955.14,8,2147.08,1.62,12.74,10.67,2.25
2025-06-21,TechFlow_Product_Showcase,8982,107,1451.51,6,2281.15,1.19,13.57,5.61,1.57
2025-06-21,TechFlow_Industry_Targeting,19881,179,1176.39,17,5074.77,0.9,6.57,9.5,4.31
2025-06-21,TechFlow_Retargeting,23103,510,5914.81,44,16556.64,2.21,11.6,8.63,2.8
2025-06-22,TechFlow_B2B_Lead_Generation,4491,76,903.66,7,3045.91,1.69,11.89,9.21,3.37
2025-06-22,TechFlow_Company_Page_Promotion,1351,34,475.24,3,868.96,2.52,13.98,8.82,1.83
2025-06-22,TechFlow_Product_Showcase,5375,29,216.38,4,1888.31,0.54,7.46,13.79,8.73
2025-06-22,TechFlow_Industry_Targeting,19425,277,3637.08,16,3545.9,1.43,13.13,5.78,0.97
2025-06-22,TechFlow_Retargeting,6379,43,470.3,6,1685.96,0.67,10.94,13.95,3.58
2025-06-23,TechFlow_B2B_Lead_Generation,15959,318,2781.1,19,6020.48,1.99,8.75,5.97,2.16
2025-06-23,TechFlow_Company_Page_Promotion,20943,533,7116.65,60,17266.55,2.55,13.35,11.26,2.43
2025-06-23,TechFlow_Product_Showcase,4822,87,1209.36,9,1878.34,1.8,13.9,10.34,1.55
2025-06-23,TechFlow_Industry_Targeting,18252,430,4777.13,28,10951.26,2.36,11.11,6.51,2.29
2025-06-23,TechFlow_Retargeting,9031,89,1183.45,6,2055.09,0.99,13.3,6.74,1.74
2025-06-24,TechFlow_B2B_Lead_Generation,9337,98,498.06,14,3344.27,1.05,5.08,14.29,6.71
2025-06-24,TechFlow_Company_Page_Promotion,16046,406,6085.56,40,11169.99,2.53,14.99,9.85,1.84
2025-06-24,TechFlow_Product_Showcase,23407,169,1738.95,9,3652.17,0.72,10.29,5.33,2.1
2025-06-24,TechFlow_Industry_Targeting,21474,117,1153.74,12,3688.24,0.54,9.86,10.26,3.2
2025-06-24,TechFlow_Retargeting,11258,277,2358.73,17,4037.17,2.46,8.52,6.14,1.71
2025-06-25,TechFlow_B2B_Lead_Generation,7319,105,847.81,13,6067.26,1.43,8.07,12.38,7.16
2025-06-25,TechFlow_Company_Page_Promotion,886,11,110.08,1,349.04,1.24,10.01,9.09,3.17
2025-06-25,TechFlow_Product_Showcase,21699,156,1128.75,19,8886.61,0.72,7.24,12.18,7.87
2025-06-25,TechFlow_Industry_Targeting,24770,481,3144.96,69,33449.77,1.94,6.54,14.35,10.64
2025-06-25,TechFlow_Retargeting,20046,405,5770.38,47,12341.16,2.02,14.25,11.6,2.14
2025-06-26,TechFlow_B2B_Lead_Generation,12978,288,3508.71,19,6328.4,2.22,12.18,6.6,1.8
2025-06-26,TechFlow_Company_Page_Promotion,9654,139,1576.62,15,3797.62,1.44,11.34,10.79,2.41
2025-06-26,TechFlow_Product_Showcase,19787,178,1905.05,21,8356.68,0.9,10.7,11.8,4.39
2025-06-26,TechFlow_Industry_Targeting,13578,373,2714.31,36,15323.93,2.75,7.28,9.65,5.65
2025-06-26,TechFlow_Retargeting,6060,137,2030.6,11,4237.27,2.26,14.82,8.03,2.09
2025-06-27,TechFlow_B2B_Lead_Generation,11775,261,2425.09,13,5458.91,2.22,9.29,4.98,2.25
2025-06-27,TechFlow_Company_Page_Promotion,7054,172,1369.2,21,8399.12,2.44,7.96,12.21,6.13
2025-06-27,TechFlow_Product_Showcase,22042,452,4367.8,42,19432.62,2.05,9.66,9.29,4.45
2025-06-27,TechFlow_Industry_Targeting,8575,241,2909.16,29,10692.41,2.81,12.07,12.03,3.68
2025-06-27,TechFlow_Retargeting,18300,509,5540.85,74,18182.75,2.78,10.89,14.54,3.28
2025-06-28,TechFlow_B2B_Lead_Generation,11357,286,1805.73,16,3919.95,2.52,6.31,5.59,2.17
2025-06-28,TechFlow_Company_Page_Promotion,23949,615,8512.86,56,21282.87,2.57,13.84,9.11,2.5
2025-06-28,TechFlow_Product_Showcase,7394,167,1968.71,16,3768.23,2.26,11.79,9.58,1.91
2025-06-28,TechFlow_Industry_Targeting,23451,339,2397.39,34,11675.68,1.45,7.07,10.03,4.87
2025-06-28,TechFlow_Retargeting,24144,570,3366.19,69,30075.38,2.36,5.91,12.11,8.93
2025-06-29,TechFlow_B2B_Lead_Generation,20447,133,960.66,12,5955.37,0.65,7.22,9.02,6.2
2025-06-29,TechFlow_Company_Page_Promotion,5116,54,770.15,7,3433.32,1.06,14.26,12.96,4.46
2025-06-29,TechFlow_Product_Showcase,16835,185,1449.8,27,8797.75,1.1,7.84,14.59,6.07
2025-06-29,TechFlow_Industry_Targeting,20318,283,3178.63,41,17359.26,1.39,11.23,14.49,5.46
2025-06-29,TechFlow_Retargeting,11949,81,666.97,7,2784.62,0.68,8.23,8.64,4.18
2025-06-30,TechFlow_B2B_Lead_Generation,20624,272,3252.56,38,14360.3,1.32,11.96,13.97,4.42
2025-06-30,TechFlow_Company_Page_Promotion,11257,325,4411.08,36,12451.93,2.89,13.57,11.08,2.82
2025-06-30,TechFlow_Product_Showcase,10186,66,577.73,6,1505.64,0.65,8.75,9.09,2.61
2025-06-30,TechFlow_Industry_Targeting,7260,94,779.38,8,2392.98,1.29,8.29,8.51,3.07
2025-06-30,TechFlow_Retargeting,17197,362,5185.75,35,16752.25,2.11,14.33,9.67,3.23
2025-07-01,TechFlow_B2B_Lead_Generation,735,7,89.42,0,0.0,0.95,12.77,0.0,0.0
2025-07-01,TechFlow_Company_Page_Promotion,12106,294,4314.25,39,9706.96,2.43,14.67,13.27,2.25
2025-07-01,TechFlow_Product_Showcase,8331,107,721.42,12,2967.77,1.28,6.74,11.21,4.11
2025-07-01,TechFlow_Industry_Targeting,24637,381,4144.64,54,24547.31,1.55,10.88,14.17,5.92
2025-07-01,TechFlow_Retargeting,22548,619,6254.23,43,16775.17,2.75,10.1,6.95,2.68
2025-07-02,TechFlow_B2B_Lead_Generation,8970,235,3240.43,26,8204.36,2.62,13.79,11.06,2.53
2025-07-02,TechFlow_Company_Page_Promotion,22599,399,4607.77,38,10360.16,1.77,11.55,9.52,2.25
2025-07-02,TechFlow_Product_Showcase,10708,317,3216.18,37,16842.51,2.96,10.15,11.67,5.24
2025-07-02,TechFlow_Industry_Targeting,17030,485,7241.4,35,11973.17,2.85,14.93,7.22,1.65
2025-07-02,TechFlow_Retargeting,15140,230,1361.32,29,14419.91,1.52,5.92,12.61,10.59
2025-07-03,TechFlow_B2B_Lead_Generation,23274,458,5548.75,68,17399.43,1.97,12.12,14.85,3.14
2025-07-03,TechFlow_Company_Page_Promotion,8194,204,2802.98,30,8270.24,2.49,13.74,14.71,2.95
2025-07-03,TechFlow_Product_Showcase,7034,49,447.51,5,1218.3,0.7,9.13,10.2,2.72
2025-07-03,TechFlow_Industry_Targeting,3391,79,1111.17,7,3185.73,2.33,14.07,8.86,2.87
2025-07-03,TechFlow_Retargeting,2224,39,380.95,2,685.71,1.75,9.77,5.13,1.8
2025-07-04,TechFlow_B2B_Lead_Generation,18547,428,3245.2,29,12500.9,2.31,7.58,6.78,3.85
2025-07-04,TechFlow_Company_Page_Promotion,21159,369,1879.02,25,7973.37,1.74,5.09,6.78,4.24
2025-07-04,TechFlow_Product_Showcase,15513,389,3233.75,21,8262.15,2.51,8.31,5.4,2.55
2025-07-04,TechFlow_Industry_Targeting,8260,78,825.71,7,1598.64,0.94,10.59,8.97,1.94
2025-07-04,TechFlow_Retargeting,13108,334,2281.94,34,15048.53,2.55,6.83,10.18,6.59
2025-07-05,TechFlow_B2B_Lead_Generation,20993,363,2779.1,54,22873.54,1.73,7.66,14.88,8.23
2025-07-05,TechFlow_Company_Page_Promotion,2882,82,942.87,8,2088.79,2.85,11.5,9.76,2.22
2025-07-05,TechFlow_Product_Showcase,4388,60,503.21,3,1332.68,1.37,8.39,5.0,2.65
2025-07-05,TechFlow_Industry_Targeting,16386,222,2049.07,18,5716.83,1.35,9.23,8.11,2.79
2025-07-05,TechFlow_Retargeting,6718,149,1823.02,20,8151.73,2.22,12.24,13.42,4.47
