Date,Campaign,Impressions,Clicks,Cost,Conversions,Revenue,CTR,CPC,Conversion_Rate,ROAS
2025-01-06,TechFlow_Brand_Search,27213,1242,8003.51,73,9165.44,4.56,6.44,5.88,1.15
2025-01-06,TechFlow_Product_Keywords,29920,1334,8846.45,98,10912.49,4.46,6.63,7.35,1.23
2025-01-06,TechFlow_Competitor_Keywords,28881,789,4963.45,44,4588.38,2.73,6.29,5.58,0.92
2025-01-06,TechFlow_Display_Network,7582,128,809.54,5,314.37,1.69,6.32,3.91,0.39
2025-01-06,TechFlow_YouTube_Video,12802,144,994.29,7,783.1,1.12,6.9,4.86,0.79
2025-01-07,TechFlow_Brand_Search,6606,140,770.72,5,869.37,2.12,5.51,3.57,1.13
2025-01-07,TechFlow_Product_Keywords,48435,1672,8183.58,86,10189.94,3.45,4.89,5.14,1.25
2025-01-07,TechFlow_Competitor_Keywords,9049,276,1355.05,13,1718.9,3.05,4.91,4.71,1.27
2025-01-07,TechFlow_Display_Network,7783,380,1385.71,19,2104.5,4.88,3.65,5.0,1.52
2025-01-07,TechFlow_YouTube_Video,46316,1357,10472.06,72,12600.44,2.93,7.72,5.31,1.2
2025-01-08,TechFlow_Brand_Search,21883,521,2459.58,35,6270.03,2.38,4.72,6.72,2.55
2025-01-08,TechFlow_Product_Keywords,35101,1032,5583.32,31,4597.79,2.94,5.41,3.0,0.82
2025-01-08,TechFlow_Competitor_Keywords,6696,145,1009.74,3,367.73,2.17,6.96,2.07,0.36
2025-01-08,TechFlow_Display_Network,8507,131,629.13,3,193.09,1.54,4.8,2.29,0.31
2025-01-08,TechFlow_YouTube_Video,22063,972,7110.54,51,3429.1,4.41,7.32,5.25,0.48
2025-01-09,TechFlow_Brand_Search,13158,182,807.93,11,1943.04,1.38,4.44,6.04,2.4
2025-01-09,TechFlow_Product_Keywords,45536,1606,7561.33,87,13452.15,3.53,4.71,5.42,1.78
2025-01-09,TechFlow_Competitor_Keywords,39158,1207,4987.64,77,9695.69,3.08,4.13,6.38,1.94
2025-01-09,TechFlow_Display_Network,10306,239,616.84,16,1751.14,2.32,2.58,6.69,2.84
2025-01-09,TechFlow_YouTube_Video,6610,158,609.82,3,408.39,2.39,3.86,1.9,0.67
2025-01-10,TechFlow_Brand_Search,28854,347,1723.76,22,1902.76,1.2,4.97,6.34,1.1
2025-01-10,TechFlow_Product_Keywords,41249,2044,9245.08,57,7094.31,4.96,4.52,2.79,0.77
2025-01-10,TechFlow_Competitor_Keywords,25978,1232,5653.16,57,7004.39,4.74,4.59,4.63,1.24
2025-01-10,TechFlow_Display_Network,23632,642,4797.46,22,1834.59,2.72,7.47,3.43,0.38
2025-01-10,TechFlow_YouTube_Video,1596,45,154.0,3,338.09,2.82,3.42,6.67,2.2
2025-01-11,TechFlow_Brand_Search,39646,1589,4411.49,80,10926.43,4.01,2.78,5.03,2.48
2025-01-11,TechFlow_Product_Keywords,27140,572,3089.31,14,2455.26,2.11,5.4,2.45,0.79
2025-01-11,TechFlow_Competitor_Keywords,5227,250,1195.14,17,1117.21,4.78,4.78,6.8,0.93
2025-01-11,TechFlow_Display_Network,39732,666,2044.14,36,6817.09,1.68,3.07,5.41,3.33
2025-01-11,TechFlow_YouTube_Video,1049,43,335.73,3,507.31,4.1,7.81,6.98,1.51
2025-01-12,TechFlow_Brand_Search,23807,302,2392.14,7,526.62,1.27,7.92,2.32,0.22
2025-01-12,TechFlow_Product_Keywords,31003,788,2242.05,30,2073.18,2.54,2.85,3.81,0.92
2025-01-12,TechFlow_Competitor_Keywords,42120,1399,6965.25,88,4702.15,3.32,4.98,6.29,0.68
2025-01-12,TechFlow_Display_Network,43518,1720,9501.35,84,16583.66,3.95,5.52,4.88,1.75
2025-01-12,TechFlow_YouTube_Video,26221,583,2650.69,12,921.53,2.22,4.55,2.06,0.35
2025-01-13,TechFlow_Brand_Search,2811,91,706.2,4,290.16,3.24,7.76,4.4,0.41
2025-01-13,TechFlow_Product_Keywords,14996,202,1027.69,7,482.44,1.35,5.09,3.47,0.47
2025-01-13,TechFlow_Competitor_Keywords,45091,1788,6512.53,51,3867.93,3.97,3.64,2.85,0.59
2025-01-13,TechFlow_Display_Network,6018,291,973.73,9,489.83,4.84,3.35,3.09,0.5
2025-01-13,TechFlow_YouTube_Video,2039,92,455.79,6,635.89,4.51,4.95,6.52,1.4
2025-01-14,TechFlow_Brand_Search,1163,28,70.15,2,215.4,2.41,2.51,7.14,3.07
2025-01-14,TechFlow_Product_Keywords,9657,454,1995.2,32,5451.95,4.7,4.39,7.05,2.73
2025-01-14,TechFlow_Competitor_Keywords,43813,1881,5599.37,91,5757.32,4.29,2.98,4.84,1.03
2025-01-14,TechFlow_Display_Network,3578,95,389.85,1,149.18,2.66,4.1,1.05,0.38
2025-01-14,TechFlow_YouTube_Video,6117,99,296.49,2,333.16,1.62,2.99,2.02,1.12
2025-01-15,TechFlow_Brand_Search,40468,1727,6560.97,51,2922.52,4.27,3.8,2.95,0.45
2025-01-15,TechFlow_Product_Keywords,39647,433,2935.77,32,3219.48,1.09,6.78,7.39,1.1
2025-01-15,TechFlow_Competitor_Keywords,48400,1574,5062.97,98,17673.48,3.25,3.22,6.23,3.49
2025-01-15,TechFlow_Display_Network,23300,1084,8220.98,41,5051.29,4.65,7.58,3.78,0.61
2025-01-15,TechFlow_YouTube_Video,3728,107,372.4,4,435.63,2.87,3.48,3.74,1.17
2025-01-16,TechFlow_Brand_Search,22710,613,3990.43,47,7817.42,2.7,6.51,7.67,1.96
2025-01-16,TechFlow_Product_Keywords,25363,602,1809.59,17,1729.46,2.37,3.01,2.82,0.96
2025-01-16,TechFlow_Competitor_Keywords,8283,202,576.17,7,1247.42,2.44,2.85,3.47,2.17
2025-01-16,TechFlow_Display_Network,16385,198,730.77,5,318.65,1.21,3.69,2.53,0.44
2025-01-16,TechFlow_YouTube_Video,35685,925,5179.91,63,8038.29,2.59,5.6,6.81,1.55
2025-01-17,TechFlow_Brand_Search,17795,334,1858.58,8,619.39,1.88,5.56,2.4,0.33
2025-01-17,TechFlow_Product_Keywords,44219,603,2027.87,23,4447.02,1.36,3.36,3.81,2.19
2025-01-17,TechFlow_Competitor_Keywords,28996,1149,6869.08,38,3514.49,3.96,5.98,3.31,0.51
2025-01-17,TechFlow_Display_Network,1361,65,504.4,3,509.56,4.78,7.76,4.62,1.01
2025-01-17,TechFlow_YouTube_Video,20060,731,5457.74,37,5100.72,3.64,7.47,5.06,0.93
2025-01-18,TechFlow_Brand_Search,38344,1623,11462.33,83,14564.38,4.23,7.06,5.11,1.27
2025-01-18,TechFlow_Product_Keywords,6680,142,1036.97,6,1044.16,2.13,7.3,4.23,1.01
2025-01-18,TechFlow_Competitor_Keywords,3321,128,794.97,5,584.39,3.85,6.21,3.91,0.74
2025-01-18,TechFlow_Display_Network,32885,1550,8131.66,123,7772.36,4.71,5.25,7.94,0.96
2025-01-18,TechFlow_YouTube_Video,48270,681,4867.89,49,6409.91,1.41,7.15,7.2,1.32
2025-01-19,TechFlow_Brand_Search,42706,2113,6818.56,78,5583.92,4.95,3.23,3.69,0.82
2025-01-19,TechFlow_Product_Keywords,22172,473,3490.69,32,5152.09,2.13,7.38,6.77,1.48
2025-01-19,TechFlow_Competitor_Keywords,2896,45,170.5,2,224.04,1.55,3.79,4.44,1.31
2025-01-19,TechFlow_Display_Network,37412,1376,5796.17,101,18466.24,3.68,4.21,7.34,3.19
2025-01-19,TechFlow_YouTube_Video,47457,2006,9873.55,122,24259.56,4.23,4.92,6.08,2.46
2025-01-20,TechFlow_Brand_Search,28161,334,1887.27,11,1167.55,1.19,5.65,3.29,0.62
2025-01-20,TechFlow_Product_Keywords,43124,781,3891.2,41,7655.88,1.81,4.98,5.25,1.97
2025-01-20,TechFlow_Competitor_Keywords,32911,1145,7463.47,62,8766.45,3.48,6.52,5.41,1.17
2025-01-20,TechFlow_Display_Network,20962,281,2010.62,13,1311.29,1.34,7.16,4.63,0.65
2025-01-20,TechFlow_YouTube_Video,27013,1190,5900.38,48,7426.4,4.41,4.96,4.03,1.26
2025-01-21,TechFlow_Brand_Search,8226,317,939.88,7,1160.33,3.85,2.96,2.21,1.23
2025-01-21,TechFlow_Product_Keywords,41764,939,4147.45,41,4098.55,2.25,4.42,4.37,0.99
2025-01-21,TechFlow_Competitor_Keywords,44945,937,4077.35,25,4594.18,2.08,4.35,2.67,1.13
2025-01-21,TechFlow_Display_Network,15723,586,3496.02,36,5494.83,3.73,5.97,6.14,1.57
2025-01-21,TechFlow_YouTube_Video,14973,287,2021.87,10,937.35,1.92,7.04,3.48,0.46
2025-01-22,TechFlow_Brand_Search,49121,1141,5099.21,79,6799.2,2.32,4.47,6.92,1.33
2025-01-22,TechFlow_Product_Keywords,40708,847,6206.97,43,4558.42,2.08,7.33,5.08,0.73
2025-01-22,TechFlow_Competitor_Keywords,41194,670,3229.51,40,7492.83,1.63,4.82,5.97,2.32
2025-01-22,TechFlow_Display_Network,30937,647,3425.89,39,2362.13,2.09,5.3,6.03,0.69
2025-01-22,TechFlow_YouTube_Video,39930,1756,8733.66,104,15202.94,4.4,4.97,5.92,1.74
2025-01-23,TechFlow_Brand_Search,4196,80,417.92,4,256.46,1.91,5.22,5.0,0.61
2025-01-23,TechFlow_Product_Keywords,36976,863,4938.4,55,10530.98,2.33,5.72,6.37,2.13
2025-01-23,TechFlow_Competitor_Keywords,16077,575,2755.58,29,2336.95,3.58,4.79,5.04,0.85
2025-01-23,TechFlow_Display_Network,30353,1091,6780.93,62,4118.54,3.59,6.22,5.68,0.61
2025-01-23,TechFlow_YouTube_Video,13871,540,2839.63,19,3492.31,3.89,5.26,3.52,1.23
2025-01-24,TechFlow_Brand_Search,29006,1276,10110.69,54,2802.56,4.4,7.92,4.23,0.28
2025-01-24,TechFlow_Product_Keywords,41729,460,2716.12,26,3422.0,1.1,5.9,5.65,1.26
2025-01-24,TechFlow_Competitor_Keywords,40083,1170,4193.08,77,12308.1,2.92,3.58,6.58,2.94
2025-01-24,TechFlow_Display_Network,24389,780,4820.3,52,7087.09,3.2,6.18,6.67,1.47
2025-01-24,TechFlow_YouTube_Video,29404,1202,3434.8,39,5876.13,4.09,2.86,3.24,1.71
2025-01-25,TechFlow_Brand_Search,47227,1785,7477.56,74,10388.34,3.78,4.19,4.15,1.39
2025-01-25,TechFlow_Product_Keywords,24108,1132,7070.9,26,3649.01,4.7,6.25,2.3,0.52
2025-01-25,TechFlow_Competitor_Keywords,35344,837,6298.26,25,3230.6,2.37,7.52,2.99,0.51
2025-01-25,TechFlow_Display_Network,41082,1841,13101.06,136,16697.95,4.48,7.12,7.39,1.27
2025-01-25,TechFlow_YouTube_Video,7701,272,1465.92,18,2443.45,3.53,5.39,6.62,1.67
2025-01-26,TechFlow_Brand_Search,44367,2146,16847.47,133,20137.12,4.84,7.85,6.2,1.2
2025-01-26,TechFlow_Product_Keywords,8239,134,399.01,5,978.37,1.63,2.98,3.73,2.45
2025-01-26,TechFlow_Competitor_Keywords,30443,1347,9820.81,101,12577.3,4.42,7.29,7.5,1.28
2025-01-26,TechFlow_Display_Network,46370,1416,10401.95,98,17404.4,3.05,7.35,6.92,1.67
2025-01-26,TechFlow_YouTube_Video,38983,894,4327.68,19,2866.15,2.29,4.84,2.13,0.66
2025-01-27,TechFlow_Brand_Search,6747,182,693.36,8,933.51,2.7,3.81,4.4,1.35
2025-01-27,TechFlow_Product_Keywords,49582,1568,11920.91,98,13889.58,3.16,7.6,6.25,1.17
2025-01-27,TechFlow_Competitor_Keywords,10806,244,1384.55,10,676.31,2.26,5.67,4.1,0.49
2025-01-27,TechFlow_Display_Network,37684,906,6753.18,63,11955.82,2.4,7.45,6.95,1.77
2025-01-27,TechFlow_YouTube_Video,32635,909,4838.76,48,3259.4,2.79,5.32,5.28,0.67
2025-01-28,TechFlow_Brand_Search,24421,836,2848.45,31,4200.07,3.42,3.41,3.71,1.47
2025-01-28,TechFlow_Product_Keywords,8401,412,1991.67,22,1224.22,4.9,4.83,5.34,0.61
2025-01-28,TechFlow_Competitor_Keywords,41264,1117,8136.15,87,16979.55,2.71,7.28,7.79,2.09
2025-01-28,TechFlow_Display_Network,32109,1350,9166.38,29,5511.33,4.2,6.79,2.15,0.6
2025-01-28,TechFlow_YouTube_Video,22792,882,3034.13,18,3591.91,3.87,3.44,2.04,1.18
2025-01-29,TechFlow_Brand_Search,6725,104,673.94,2,136.38,1.55,6.48,1.92,0.2
2025-01-29,TechFlow_Product_Keywords,39804,1595,9621.52,126,8514.2,4.01,6.03,7.9,0.88
2025-01-29,TechFlow_Competitor_Keywords,5740,255,992.56,5,347.53,4.44,3.89,1.96,0.35
2025-01-29,TechFlow_Display_Network,43954,1958,14307.97,77,10849.88,4.45,7.31,3.93,0.76
2025-01-29,TechFlow_YouTube_Video,21767,582,3899.45,25,4688.03,2.67,6.7,4.3,1.2
2025-01-30,TechFlow_Brand_Search,6050,133,1045.67,8,1171.98,2.2,7.86,6.02,1.12
2025-01-30,TechFlow_Product_Keywords,6306,184,827.87,12,1445.44,2.92,4.5,6.52,1.75
2025-01-30,TechFlow_Competitor_Keywords,19806,206,869.26,4,769.34,1.04,4.22,1.94,0.89
2025-01-30,TechFlow_Display_Network,28792,1216,5832.83,71,12898.54,4.22,4.8,5.84,2.21
2025-01-30,TechFlow_YouTube_Video,20366,809,4858.43,52,3335.72,3.97,6.01,6.43,0.69
2025-01-31,TechFlow_Brand_Search,4226,184,672.25,7,1210.63,4.35,3.65,3.8,1.8
2025-01-31,TechFlow_Product_Keywords,31949,700,2220.63,55,5566.04,2.19,3.17,7.86,2.51
2025-01-31,TechFlow_Competitor_Keywords,39109,880,4268.36,17,2401.66,2.25,4.85,1.93,0.56
2025-01-31,TechFlow_Display_Network,34235,448,2064.07,18,1797.74,1.31,4.61,4.02,0.87
2025-01-31,TechFlow_YouTube_Video,33109,537,1412.91,28,5418.07,1.62,2.63,5.21,3.83
2025-02-01,TechFlow_Brand_Search,17941,246,981.14,8,596.89,1.37,3.99,3.25,0.61
2025-02-01,TechFlow_Product_Keywords,19353,293,1783.02,13,1267.72,1.51,6.09,4.44,0.71
2025-02-01,TechFlow_Competitor_Keywords,49273,1500,10819.36,74,10504.2,3.04,7.21,4.93,0.97
2025-02-01,TechFlow_Display_Network,10769,338,1970.39,16,2520.88,3.14,5.83,4.73,1.28
2025-02-01,TechFlow_YouTube_Video,1154,43,323.16,2,117.98,3.73,7.52,4.65,0.37
2025-02-02,TechFlow_Brand_Search,20149,425,2272.55,26,2857.88,2.11,5.35,6.12,1.26
2025-02-02,TechFlow_Product_Keywords,49734,2204,13270.79,66,9392.07,4.43,6.02,2.99,0.71
2025-02-02,TechFlow_Competitor_Keywords,28706,860,5604.15,23,3594.42,3.0,6.52,2.67,0.64
2025-02-02,TechFlow_Display_Network,31720,924,3703.05,73,4013.08,2.91,4.01,7.9,1.08
2025-02-02,TechFlow_YouTube_Video,14962,175,801.43,9,1174.33,1.17,4.58,5.14,1.47
2025-02-03,TechFlow_Brand_Search,31437,1530,3946.6,93,16967.5,4.87,2.58,6.08,4.3
2025-02-03,TechFlow_Product_Keywords,17917,548,1589.14,41,3275.6,3.06,2.9,7.48,2.06
2025-02-03,TechFlow_Competitor_Keywords,4866,77,340.01,4,704.65,1.58,4.42,5.19,2.07
2025-02-03,TechFlow_Display_Network,11876,175,1196.57,10,1941.6,1.47,6.84,5.71,1.62
2025-02-03,TechFlow_YouTube_Video,15131,434,1781.36,33,5411.73,2.87,4.1,7.6,3.04
2025-02-04,TechFlow_Brand_Search,16110,591,4726.39,26,3413.14,3.67,8.0,4.4,0.72
2025-02-04,TechFlow_Product_Keywords,24259,392,2609.36,14,1387.29,1.62,6.66,3.57,0.53
2025-02-04,TechFlow_Competitor_Keywords,24997,789,2370.18,62,3326.9,3.16,3.0,7.86,1.4
2025-02-04,TechFlow_Display_Network,10318,141,817.05,5,422.2,1.37,5.79,3.55,0.52
2025-02-04,TechFlow_YouTube_Video,31267,1099,6092.74,81,15247.08,3.51,5.54,7.37,2.5
2025-02-05,TechFlow_Brand_Search,27165,1302,8007.41,51,9982.17,4.79,6.15,3.92,1.25
2025-02-05,TechFlow_Product_Keywords,19842,648,5063.73,21,2096.96,3.27,7.81,3.24,0.41
2025-02-05,TechFlow_Competitor_Keywords,49567,2071,6247.42,45,6068.82,4.18,3.02,2.17,0.97
2025-02-05,TechFlow_Display_Network,40624,1417,4471.2,105,11674.41,3.49,3.16,7.41,2.61
2025-02-05,TechFlow_YouTube_Video,46791,1033,3028.27,41,4934.55,2.21,2.93,3.97,1.63
2025-02-06,TechFlow_Brand_Search,43803,1769,7839.98,36,1836.0,4.04,4.43,2.04,0.23
2025-02-06,TechFlow_Product_Keywords,31404,1439,11217.62,90,7915.09,4.58,7.8,6.25,0.71
2025-02-06,TechFlow_Competitor_Keywords,25913,488,1522.95,28,2827.44,1.88,3.12,5.74,1.86
2025-02-06,TechFlow_Display_Network,42974,1850,7153.82,103,19008.6,4.3,3.87,5.57,2.66
2025-02-06,TechFlow_YouTube_Video,7017,311,859.8,15,2630.75,4.43,2.76,4.82,3.06
2025-02-07,TechFlow_Brand_Search,44769,1579,9862.99,43,6232.42,3.53,6.25,2.72,0.63
2025-02-07,TechFlow_Product_Keywords,22383,836,2864.99,53,9064.2,3.73,3.43,6.34,3.16
2025-02-07,TechFlow_Competitor_Keywords,3645,128,359.57,7,850.3,3.51,2.81,5.47,2.36
2025-02-07,TechFlow_Display_Network,35379,1608,12470.09,95,7209.41,4.55,7.76,5.91,0.58
2025-02-07,TechFlow_YouTube_Video,41889,735,4311.6,46,3764.16,1.75,5.87,6.26,0.87
2025-02-08,TechFlow_Brand_Search,7686,225,1716.35,11,1304.3,2.93,7.63,4.89,0.76
2025-02-08,TechFlow_Product_Keywords,7631,169,496.88,7,769.44,2.21,2.94,4.14,1.55
2025-02-08,TechFlow_Competitor_Keywords,39890,507,3858.24,28,5580.78,1.27,7.61,5.52,1.45
2025-02-08,TechFlow_Display_Network,4487,81,378.56,1,198.58,1.81,4.67,1.23,0.52
2025-02-08,TechFlow_YouTube_Video,28139,418,2847.22,12,2192.78,1.49,6.81,2.87,0.77
2025-02-09,TechFlow_Brand_Search,16594,499,1966.92,28,4191.19,3.01,3.94,5.61,2.13
2025-02-09,TechFlow_Product_Keywords,9980,369,923.35,21,2672.48,3.7,2.5,5.69,2.89
2025-02-09,TechFlow_Competitor_Keywords,38624,695,2783.24,45,7521.58,1.8,4.0,6.47,2.7
2025-02-09,TechFlow_Display_Network,18668,621,1811.25,38,2727.63,3.33,2.92,6.12,1.51
2025-02-09,TechFlow_YouTube_Video,23691,491,3506.37,34,3261.65,2.07,7.14,6.92,0.93
2025-02-10,TechFlow_Brand_Search,9109,208,705.57,10,1186.69,2.28,3.39,4.81,1.68
2025-02-10,TechFlow_Product_Keywords,32296,1590,5272.04,42,4383.16,4.92,3.32,2.64,0.83
2025-02-10,TechFlow_Competitor_Keywords,29812,426,2640.07,28,3058.78,1.43,6.2,6.57,1.16
2025-02-10,TechFlow_Display_Network,33988,987,4437.33,66,5323.23,2.9,4.5,6.69,1.2
2025-02-10,TechFlow_YouTube_Video,42953,1474,4318.75,108,13691.34,3.43,2.93,7.33,3.17
2025-02-11,TechFlow_Brand_Search,10821,344,2147.72,24,1662.3,3.18,6.24,6.98,0.77
2025-02-11,TechFlow_Product_Keywords,34752,388,2829.07,11,2068.75,1.12,7.29,2.84,0.73
2025-02-11,TechFlow_Competitor_Keywords,7254,248,1474.35,13,1138.62,3.42,5.94,5.24,0.77
2025-02-11,TechFlow_Display_Network,3464,53,371.3,2,297.72,1.53,7.01,3.77,0.8
2025-02-11,TechFlow_YouTube_Video,21341,635,2605.84,49,3587.64,2.98,4.1,7.72,1.38
2025-02-12,TechFlow_Brand_Search,41211,1624,6356.26,69,11358.94,3.94,3.91,4.25,1.79
2025-02-12,TechFlow_Product_Keywords,14684,656,4494.06,51,3799.21,4.47,6.85,7.77,0.85
2025-02-12,TechFlow_Competitor_Keywords,8334,279,1363.41,8,692.64,3.35,4.89,2.87,0.51
2025-02-12,TechFlow_Display_Network,47212,1741,12875.87,116,10703.78,3.69,7.4,6.66,0.83
2025-02-12,TechFlow_YouTube_Video,10566,375,2456.04,20,2356.11,3.55,6.55,5.33,0.96
2025-02-13,TechFlow_Brand_Search,9088,214,1478.48,8,557.45,2.35,6.91,3.74,0.38
2025-02-13,TechFlow_Product_Keywords,14586,444,2717.79,14,1769.18,3.04,6.12,3.15,0.65
2025-02-13,TechFlow_Competitor_Keywords,1161,36,117.83,2,169.49,3.1,3.27,5.56,1.44
2025-02-13,TechFlow_Display_Network,10927,223,967.42,13,2385.54,2.04,4.34,5.83,2.47
2025-02-13,TechFlow_YouTube_Video,13954,355,2233.36,18,1418.22,2.54,6.29,5.07,0.64
2025-02-14,TechFlow_Brand_Search,11647,414,1482.3,16,1739.6,3.55,3.58,3.86,1.17
2025-02-14,TechFlow_Product_Keywords,12832,561,2078.76,44,8650.36,4.37,3.71,7.84,4.16
2025-02-14,TechFlow_Competitor_Keywords,10337,366,2723.38,19,3164.31,3.54,7.44,5.19,1.16
2025-02-14,TechFlow_Display_Network,17419,340,1882.77,20,2441.53,1.95,5.54,5.88,1.3
2025-02-14,TechFlow_YouTube_Video,1369,27,81.46,1,116.76,1.97,3.02,3.7,1.43
2025-02-15,TechFlow_Brand_Search,9109,103,476.44,6,422.36,1.13,4.63,5.83,0.89
2025-02-15,TechFlow_Product_Keywords,28904,1184,7523.94,90,13115.07,4.1,6.35,7.6,1.74
2025-02-15,TechFlow_Competitor_Keywords,45316,2113,13256.78,50,7025.26,4.66,6.27,2.37,0.53
2025-02-15,TechFlow_Display_Network,43710,2176,5816.92,120,21070.56,4.98,2.67,5.51,3.62
2025-02-15,TechFlow_YouTube_Video,43746,1900,9217.76,46,4572.29,4.34,4.85,2.42,0.5
2025-02-16,TechFlow_Brand_Search,38443,1061,4907.49,55,3437.71,2.76,4.63,5.18,0.7
2025-02-16,TechFlow_Product_Keywords,25714,948,4064.96,55,4593.29,3.69,4.29,5.8,1.13
2025-02-16,TechFlow_Competitor_Keywords,15542,424,1593.56,19,2780.62,2.73,3.76,4.48,1.74
2025-02-16,TechFlow_Display_Network,22210,361,1740.28,11,948.05,1.63,4.82,3.05,0.54
2025-02-16,TechFlow_YouTube_Video,36126,859,2247.79,57,8493.12,2.38,2.62,6.64,3.78
2025-02-17,TechFlow_Brand_Search,9147,344,1391.3,27,3088.29,3.76,4.04,7.85,2.22
2025-02-17,TechFlow_Product_Keywords,35306,1058,6378.74,35,5687.2,3.0,6.03,3.31,0.89
2025-02-17,TechFlow_Competitor_Keywords,28217,979,6747.32,43,6083.94,3.47,6.89,4.39,0.9
2025-02-17,TechFlow_Display_Network,42459,1150,6295.68,34,5607.56,2.71,5.47,2.96,0.89
2025-02-17,TechFlow_YouTube_Video,32365,1575,4594.74,56,10221.75,4.87,2.92,3.56,2.22
2025-02-18,TechFlow_Brand_Search,9825,234,1210.04,13,2347.44,2.38,5.17,5.56,1.94
2025-02-18,TechFlow_Product_Keywords,18572,639,3729.46,27,3286.83,3.44,5.84,4.23,0.88
2025-02-18,TechFlow_Competitor_Keywords,49382,1548,10059.47,106,19547.18,3.13,6.5,6.85,1.94
2025-02-18,TechFlow_Display_Network,38719,1701,7238.69,36,4290.32,4.39,4.26,2.12,0.59
2025-02-18,TechFlow_YouTube_Video,19687,955,5660.41,71,7208.33,4.85,5.93,7.43,1.27
2025-02-19,TechFlow_Brand_Search,19297,364,1556.23,20,2642.07,1.89,4.28,5.49,1.7
2025-02-19,TechFlow_Product_Keywords,22991,530,2571.33,22,4399.95,2.31,4.85,4.15,1.71
2025-02-19,TechFlow_Competitor_Keywords,31050,1423,4483.72,89,16125.28,4.58,3.15,6.25,3.6
2025-02-19,TechFlow_Display_Network,36428,1766,5979.28,47,3880.49,4.85,3.39,2.66,0.65
2025-02-19,TechFlow_YouTube_Video,42351,823,2136.76,31,3015.42,1.94,2.6,3.77,1.41
2025-02-20,TechFlow_Brand_Search,41918,1574,10589.3,117,7141.61,3.75,6.73,7.43,0.67
2025-02-20,TechFlow_Product_Keywords,12819,180,1377.94,8,485.4,1.4,7.66,4.44,0.35
2025-02-20,TechFlow_Competitor_Keywords,18617,351,2680.86,7,1134.31,1.89,7.64,1.99,0.42
2025-02-20,TechFlow_Display_Network,27556,732,4096.14,56,6412.77,2.66,5.6,7.65,1.57
2025-02-20,TechFlow_YouTube_Video,9342,452,2784.78,32,4555.06,4.84,6.16,7.08,1.64
2025-02-21,TechFlow_Brand_Search,25119,734,5842.9,28,3131.42,2.92,7.96,3.81,0.54
2025-02-21,TechFlow_Product_Keywords,13963,520,2212.19,14,2276.81,3.72,4.25,2.69,1.03
2025-02-21,TechFlow_Competitor_Keywords,15763,480,2679.11,26,4268.97,3.05,5.58,5.42,1.59
2025-02-21,TechFlow_Display_Network,35581,1712,8057.73,105,14849.87,4.81,4.71,6.13,1.84
2025-02-21,TechFlow_YouTube_Video,32723,390,1560.06,11,971.52,1.19,4.0,2.82,0.62
2025-02-22,TechFlow_Brand_Search,27837,720,1936.06,30,5559.93,2.59,2.69,4.17,2.87
2025-02-22,TechFlow_Product_Keywords,39398,1740,9058.62,71,12699.02,4.42,5.21,4.08,1.4
2025-02-22,TechFlow_Competitor_Keywords,48496,2415,18305.85,66,3924.92,4.98,7.58,2.73,0.21
2025-02-22,TechFlow_Display_Network,5602,171,845.48,8,1540.67,3.05,4.94,4.68,1.82
2025-02-22,TechFlow_YouTube_Video,34298,1495,4116.8,51,6827.63,4.36,2.75,3.41,1.66
2025-02-23,TechFlow_Brand_Search,17724,462,1790.63,14,2651.51,2.61,3.88,3.03,1.48
2025-02-23,TechFlow_Product_Keywords,3236,81,359.48,4,246.65,2.5,4.44,4.94,0.69
2025-02-23,TechFlow_Competitor_Keywords,37127,859,3895.23,28,1687.14,2.31,4.53,3.26,0.43
2025-02-23,TechFlow_Display_Network,31177,840,3570.43,51,4703.18,2.69,4.25,6.07,1.32
2025-02-23,TechFlow_YouTube_Video,12915,279,1387.88,14,722.54,2.16,4.97,5.02,0.52
2025-02-24,TechFlow_Brand_Search,10278,434,1574.04,26,3675.29,4.22,3.63,5.99,2.33
2025-02-24,TechFlow_Product_Keywords,26770,330,998.41,10,713.14,1.23,3.03,3.03,0.71
2025-02-24,TechFlow_Competitor_Keywords,34128,1154,5020.74,51,8252.65,3.38,4.35,4.42,1.64
2025-02-24,TechFlow_Display_Network,6466,318,1343.61,17,2987.38,4.92,4.23,5.35,2.22
2025-02-24,TechFlow_YouTube_Video,1287,53,184.79,3,428.59,4.12,3.49,5.66,2.32
2025-02-25,TechFlow_Brand_Search,22288,882,4150.65,38,6149.49,3.96,4.71,4.31,1.48
2025-02-25,TechFlow_Product_Keywords,49388,1151,4924.45,28,1841.48,2.33,4.28,2.43,0.37
2025-02-25,TechFlow_Competitor_Keywords,44874,1147,6524.17,29,2365.74,2.56,5.69,2.53,0.36
2025-02-25,TechFlow_Display_Network,25112,862,4985.74,60,7626.75,3.43,5.78,6.96,1.53
2025-02-25,TechFlow_YouTube_Video,27300,1180,3056.79,65,9111.04,4.32,2.59,5.51,2.98
2025-02-26,TechFlow_Brand_Search,26967,480,2181.97,12,1586.09,1.78,4.55,2.5,0.73
2025-02-26,TechFlow_Product_Keywords,9719,104,756.17,2,241.59,1.07,7.27,1.92,0.32
2025-02-26,TechFlow_Competitor_Keywords,32732,693,5001.56,28,2640.35,2.12,7.22,4.04,0.53
2025-02-26,TechFlow_Display_Network,48600,2198,6209.14,67,5354.76,4.52,2.82,3.05,0.86
2025-02-26,TechFlow_YouTube_Video,29001,1187,9226.12,45,5283.0,4.09,7.77,3.79,0.57
2025-02-27,TechFlow_Brand_Search,29237,1172,6524.27,24,2784.83,4.01,5.57,2.05,0.43
2025-02-27,TechFlow_Product_Keywords,30021,642,5057.66,49,7404.32,2.14,7.88,7.63,1.46
2025-02-27,TechFlow_Competitor_Keywords,36098,1151,4684.89,52,10137.29,3.19,4.07,4.52,2.16
2025-02-27,TechFlow_Display_Network,46617,1421,10540.73,56,9931.73,3.05,7.42,3.94,0.94
2025-02-27,TechFlow_YouTube_Video,47661,1889,9021.81,112,12648.35,3.96,4.78,5.93,1.4
2025-02-28,TechFlow_Brand_Search,43634,1832,12746.97,66,12599.16,4.2,6.96,3.6,0.99
2025-02-28,TechFlow_Product_Keywords,10960,419,2689.23,31,5555.01,3.82,6.42,7.4,2.07
2025-02-28,TechFlow_Competitor_Keywords,41523,2059,6600.87,72,11346.25,4.96,3.21,3.5,1.72
2025-02-28,TechFlow_Display_Network,9253,344,2716.25,12,1224.78,3.72,7.9,3.49,0.45
2025-02-28,TechFlow_YouTube_Video,24051,397,2705.87,19,2394.9,1.65,6.82,4.79,0.89
2025-03-01,TechFlow_Brand_Search,9775,163,1001.86,12,1409.81,1.67,6.15,7.36,1.41
2025-03-01,TechFlow_Product_Keywords,45105,1832,4622.08,66,10285.55,4.06,2.52,3.6,2.23
2025-03-01,TechFlow_Competitor_Keywords,40324,1835,5095.77,114,19521.96,4.55,2.78,6.21,3.83
2025-03-01,TechFlow_Display_Network,6549,104,606.42,5,411.29,1.59,5.83,4.81,0.68
2025-03-01,TechFlow_YouTube_Video,41693,1490,6806.79,87,15648.51,3.57,4.57,5.84,2.3
2025-03-02,TechFlow_Brand_Search,38050,586,3612.88,44,5014.5,1.54,6.17,7.51,1.39
2025-03-02,TechFlow_Product_Keywords,20359,923,5811.9,60,6373.03,4.53,6.3,6.5,1.1
2025-03-02,TechFlow_Competitor_Keywords,41805,1150,8617.0,77,10842.92,2.75,7.49,6.7,1.26
2025-03-02,TechFlow_Display_Network,49838,611,1603.92,14,1551.13,1.23,2.63,2.29,0.97
2025-03-02,TechFlow_YouTube_Video,20544,733,4834.28,15,2827.18,3.57,6.6,2.05,0.58
2025-03-03,TechFlow_Brand_Search,15385,743,5496.31,47,7358.27,4.83,7.4,6.33,1.34
2025-03-03,TechFlow_Product_Keywords,28780,318,1070.76,18,2719.46,1.1,3.37,5.66,2.54
2025-03-03,TechFlow_Competitor_Keywords,35667,1175,5811.51,44,2839.25,3.29,4.95,3.74,0.49
2025-03-03,TechFlow_Display_Network,20554,831,5058.06,49,6385.03,4.04,6.09,5.9,1.26
2025-03-03,TechFlow_YouTube_Video,24161,777,6110.66,39,3506.9,3.22,7.86,5.02,0.57
2025-03-04,TechFlow_Brand_Search,7639,292,797.3,7,1347.08,3.82,2.73,2.4,1.69
2025-03-04,TechFlow_Product_Keywords,27569,578,1766.64,14,2088.7,2.1,3.06,2.42,1.18
2025-03-04,TechFlow_Competitor_Keywords,25334,775,5313.93,21,2833.86,3.06,6.86,2.71,0.53
2025-03-04,TechFlow_Display_Network,5803,169,565.69,11,1543.96,2.91,3.35,6.51,2.73
2025-03-04,TechFlow_YouTube_Video,28502,417,1257.28,25,4777.14,1.46,3.02,6.0,3.8
2025-03-05,TechFlow_Brand_Search,15188,411,2399.24,8,1169.93,2.71,5.84,1.95,0.49
2025-03-05,TechFlow_Product_Keywords,28525,354,1739.82,27,1434.48,1.24,4.91,7.63,0.82
2025-03-05,TechFlow_Competitor_Keywords,12679,199,979.47,7,1012.08,1.57,4.92,3.52,1.03
2025-03-05,TechFlow_Display_Network,24864,969,3105.0,57,8963.74,3.9,3.2,5.88,2.89
2025-03-05,TechFlow_YouTube_Video,32567,885,5230.38,30,1610.13,2.72,5.91,3.39,0.31
2025-03-06,TechFlow_Brand_Search,32201,367,2143.59,20,1216.25,1.14,5.84,5.45,0.57
2025-03-06,TechFlow_Product_Keywords,14905,625,2071.45,25,4516.59,4.19,3.31,4.0,2.18
2025-03-06,TechFlow_Competitor_Keywords,16728,446,2732.64,15,1758.81,2.67,6.13,3.36,0.64
2025-03-06,TechFlow_Display_Network,14948,426,1561.09,16,1520.13,2.85,3.66,3.76,0.97
2025-03-06,TechFlow_YouTube_Video,24511,974,5202.91,64,9050.04,3.97,5.34,6.57,1.74
2025-03-07,TechFlow_Brand_Search,1234,25,63.26,0,0.0,2.03,2.53,0.0,0.0
2025-03-07,TechFlow_Product_Keywords,4326,167,1202.12,10,881.52,3.86,7.2,5.99,0.73
2025-03-07,TechFlow_Competitor_Keywords,28412,303,1587.19,22,1503.79,1.07,5.24,7.26,0.95
2025-03-07,TechFlow_Display_Network,15018,510,2274.34,14,981.8,3.4,4.46,2.75,0.43
2025-03-07,TechFlow_YouTube_Video,14929,412,2899.27,22,4077.93,2.76,7.04,5.34,1.41
2025-03-08,TechFlow_Brand_Search,3593,61,397.26,2,156.26,1.7,6.51,3.28,0.39
2025-03-08,TechFlow_Product_Keywords,34130,419,2052.01,10,1103.33,1.23,4.9,2.39,0.54
2025-03-08,TechFlow_Competitor_Keywords,45193,1373,8019.46,63,11450.77,3.04,5.84,4.59,1.43
2025-03-08,TechFlow_Display_Network,3181,48,168.79,2,365.93,1.51,3.52,4.17,2.17
2025-03-08,TechFlow_YouTube_Video,36992,928,6100.12,27,4203.88,2.51,6.57,2.91,0.69
2025-03-09,TechFlow_Brand_Search,19095,292,2273.95,18,2729.71,1.53,7.79,6.16,1.2
2025-03-09,TechFlow_Product_Keywords,38511,704,5500.01,31,6171.52,1.83,7.81,4.4,1.12
2025-03-09,TechFlow_Competitor_Keywords,6873,118,886.44,3,172.79,1.72,7.51,2.54,0.19
2025-03-09,TechFlow_Display_Network,18427,369,2403.08,27,3310.73,2.0,6.51,7.32,1.38
2025-03-09,TechFlow_YouTube_Video,16127,343,2352.43,26,1860.81,2.13,6.86,7.58,0.79
2025-03-10,TechFlow_Brand_Search,28811,1114,5594.97,59,9590.89,3.87,5.02,5.3,1.71
2025-03-10,TechFlow_Product_Keywords,9723,389,2658.87,16,1210.39,4.0,6.84,4.11,0.46
2025-03-10,TechFlow_Competitor_Keywords,27976,394,2163.64,14,2105.83,1.41,5.49,3.55,0.97
2025-03-10,TechFlow_Display_Network,20044,665,3004.91,29,5574.18,3.32,4.52,4.36,1.86
2025-03-10,TechFlow_YouTube_Video,26306,584,1504.66,18,1059.86,2.22,2.58,3.08,0.7
2025-03-11,TechFlow_Brand_Search,3027,38,298.43,1,155.17,1.26,7.85,2.63,0.52
2025-03-11,TechFlow_Product_Keywords,40520,1127,4107.24,26,2029.65,2.78,3.64,2.31,0.49
2025-03-11,TechFlow_Competitor_Keywords,45318,2135,8911.38,155,14104.11,4.71,4.17,7.26,1.58
2025-03-11,TechFlow_Display_Network,36091,1544,7037.45,117,17302.6,4.28,4.56,7.58,2.46
2025-03-11,TechFlow_YouTube_Video,20695,545,2705.84,24,1674.18,2.63,4.96,4.4,0.62
2025-03-12,TechFlow_Brand_Search,3147,105,554.3,5,278.04,3.34,5.28,4.76,0.5
2025-03-12,TechFlow_Product_Keywords,4459,98,294.0,5,601.87,2.2,3.0,5.1,2.05
2025-03-12,TechFlow_Competitor_Keywords,31305,844,2746.69,60,9201.82,2.7,3.25,7.11,3.35
2025-03-12,TechFlow_Display_Network,22278,701,2738.85,33,1953.1,3.15,3.91,4.71,0.71
2025-03-12,TechFlow_YouTube_Video,10044,430,3057.09,20,3401.7,4.28,7.11,4.65,1.11
2025-03-13,TechFlow_Brand_Search,26040,1024,7362.9,71,4247.57,3.93,7.19,6.93,0.58
2025-03-13,TechFlow_Product_Keywords,33559,832,6616.22,26,4662.14,2.48,7.95,3.12,0.7
2025-03-13,TechFlow_Competitor_Keywords,46230,1925,11918.51,117,11214.38,4.16,6.19,6.08,0.94
2025-03-13,TechFlow_Display_Network,46210,585,2335.18,38,2429.88,1.27,3.99,6.5,1.04
2025-03-13,TechFlow_YouTube_Video,45485,1491,8925.23,109,10722.17,3.28,5.99,7.31,1.2
2025-03-14,TechFlow_Brand_Search,26806,884,5718.65,68,13319.36,3.3,6.47,7.69,2.33
2025-03-14,TechFlow_Product_Keywords,49981,2151,13386.88,147,13276.14,4.3,6.22,6.83,0.99
2025-03-14,TechFlow_Competitor_Keywords,25836,710,3347.52,34,4727.95,2.75,4.71,4.79,1.41
2025-03-14,TechFlow_Display_Network,41580,1798,14383.45,65,5659.76,4.32,8.0,3.62,0.39
2025-03-14,TechFlow_YouTube_Video,31447,1023,6182.73,32,3972.73,3.25,6.04,3.13,0.64
2025-03-15,TechFlow_Brand_Search,35558,394,2168.41,12,1917.5,1.11,5.5,3.05,0.88
2025-03-15,TechFlow_Product_Keywords,7719,266,1230.32,15,1843.04,3.45,4.63,5.64,1.5
2025-03-15,TechFlow_Competitor_Keywords,12259,181,1311.25,8,1086.87,1.48,7.24,4.42,0.83
2025-03-15,TechFlow_Display_Network,19605,233,601.46,9,1469.83,1.19,2.58,3.86,2.44
2025-03-15,TechFlow_YouTube_Video,25043,944,5439.0,29,3285.95,3.77,5.76,3.07,0.6
2025-03-16,TechFlow_Brand_Search,36330,394,2571.95,16,869.51,1.08,6.53,4.06,0.34
2025-03-16,TechFlow_Product_Keywords,24364,1048,8208.71,28,2453.85,4.3,7.83,2.67,0.3
2025-03-16,TechFlow_Competitor_Keywords,24788,431,2689.41,30,3399.7,1.74,6.24,6.96,1.26
2025-03-16,TechFlow_Display_Network,1117,39,183.09,2,151.98,3.49,4.69,5.13,0.83
2025-03-16,TechFlow_YouTube_Video,33039,970,5604.1,20,1464.31,2.94,5.78,2.06,0.26
2025-03-17,TechFlow_Brand_Search,23632,736,2633.06,31,5423.81,3.11,3.58,4.21,2.06
2025-03-17,TechFlow_Product_Keywords,18697,887,6351.48,31,5307.03,4.74,7.16,3.49,0.84
2025-03-17,TechFlow_Competitor_Keywords,33544,950,4163.47,69,4901.21,2.83,4.38,7.26,1.18
2025-03-17,TechFlow_Display_Network,43343,1366,6831.85,92,13353.1,3.15,5.0,6.73,1.95
2025-03-17,TechFlow_YouTube_Video,40597,470,1815.42,22,1782.04,1.16,3.86,4.68,0.98
2025-03-18,TechFlow_Brand_Search,15669,353,1879.54,24,2542.36,2.25,5.32,6.8,1.35
2025-03-18,TechFlow_Product_Keywords,37325,1006,7138.68,31,4566.44,2.7,7.1,3.08,0.64
2025-03-18,TechFlow_Competitor_Keywords,47689,1247,5037.1,70,13421.88,2.61,4.04,5.61,2.66
2025-03-18,TechFlow_Display_Network,45815,952,7184.67,73,7788.33,2.08,7.55,7.67,1.08
2025-03-18,TechFlow_YouTube_Video,9911,289,1621.25,15,2764.85,2.92,5.61,5.19,1.71
2025-03-19,TechFlow_Brand_Search,5969,140,446.55,5,507.71,2.35,3.19,3.57,1.14
2025-03-19,TechFlow_Product_Keywords,13425,219,1449.44,5,866.52,1.63,6.62,2.28,0.6
2025-03-19,TechFlow_Competitor_Keywords,28430,549,2747.46,30,4389.56,1.93,5.0,5.46,1.6
2025-03-19,TechFlow_Display_Network,19283,456,3591.32,34,4063.87,2.36,7.88,7.46,1.13
2025-03-19,TechFlow_YouTube_Video,49010,1050,6174.86,45,4991.59,2.14,5.88,4.29,0.81
2025-03-20,TechFlow_Brand_Search,28579,857,5504.8,20,3224.39,3.0,6.42,2.33,0.59
2025-03-20,TechFlow_Product_Keywords,15818,270,1626.62,8,874.22,1.71,6.02,2.96,0.54
2025-03-20,TechFlow_Competitor_Keywords,1213,57,248.92,3,542.62,4.7,4.37,5.26,2.18
2025-03-20,TechFlow_Display_Network,13307,396,2469.93,28,3273.1,2.98,6.24,7.07,1.33
2025-03-20,TechFlow_YouTube_Video,14964,321,2410.11,18,2467.45,2.15,7.51,5.61,1.02
2025-03-21,TechFlow_Brand_Search,35151,1118,8071.49,48,5533.86,3.18,7.22,4.29,0.69
2025-03-21,TechFlow_Product_Keywords,18877,689,1795.13,49,6392.9,3.65,2.61,7.11,3.56
2025-03-21,TechFlow_Competitor_Keywords,22750,757,5549.2,35,5567.25,3.33,7.33,4.62,1.0
2025-03-21,TechFlow_Display_Network,9248,266,1711.83,12,2376.11,2.88,6.44,4.51,1.39
2025-03-21,TechFlow_YouTube_Video,27275,841,4635.92,24,2005.46,3.08,5.51,2.85,0.43
2025-03-22,TechFlow_Brand_Search,7860,178,704.7,10,1760.45,2.26,3.96,5.62,2.5
2025-03-22,TechFlow_Product_Keywords,43431,686,1845.83,19,2650.68,1.58,2.69,2.77,1.44
2025-03-22,TechFlow_Competitor_Keywords,38767,413,2623.66,18,2803.91,1.07,6.35,4.36,1.07
2025-03-22,TechFlow_Display_Network,13199,312,1950.66,18,3337.53,2.36,6.25,5.77,1.71
2025-03-22,TechFlow_YouTube_Video,5093,165,1073.97,3,320.35,3.24,6.51,1.82,0.3
2025-03-23,TechFlow_Brand_Search,34514,1262,9112.73,77,4115.3,3.66,7.22,6.1,0.45
2025-03-23,TechFlow_Product_Keywords,13002,316,1538.42,16,2843.09,2.43,4.87,5.06,1.85
2025-03-23,TechFlow_Competitor_Keywords,4856,165,1183.4,3,324.51,3.4,7.17,1.82,0.27
2025-03-23,TechFlow_Display_Network,16694,641,5009.1,40,2914.19,3.84,7.81,6.24,0.58
2025-03-23,TechFlow_YouTube_Video,17366,606,4206.15,46,5442.57,3.49,6.94,7.59,1.29
2025-03-24,TechFlow_Brand_Search,16108,654,4276.62,17,1733.14,4.06,6.54,2.6,0.41
2025-03-24,TechFlow_Product_Keywords,47305,1088,5513.59,57,9890.19,2.3,5.07,5.24,1.79
2025-03-24,TechFlow_Competitor_Keywords,16093,644,4551.54,14,1840.44,4.0,7.07,2.17,0.4
2025-03-24,TechFlow_Display_Network,48313,1100,3366.09,24,4522.81,2.28,3.06,2.18,1.34
2025-03-24,TechFlow_YouTube_Video,22210,713,3210.09,16,1755.54,3.21,4.5,2.24,0.55
2025-03-25,TechFlow_Brand_Search,6081,284,1342.96,10,595.75,4.67,4.73,3.52,0.44
2025-03-25,TechFlow_Product_Keywords,32941,1087,3385.82,52,4496.82,3.3,3.11,4.78,1.33
2025-03-25,TechFlow_Competitor_Keywords,33636,1517,10951.98,38,3558.93,4.51,7.22,2.5,0.32
2025-03-25,TechFlow_Display_Network,45699,1789,5225.99,137,17076.94,3.91,2.92,7.66,3.27
2025-03-25,TechFlow_YouTube_Video,36365,485,3303.34,21,3371.41,1.33,6.81,4.33,1.02
2025-03-26,TechFlow_Brand_Search,29188,1329,7861.51,42,3087.02,4.55,5.92,3.16,0.39
2025-03-26,TechFlow_Product_Keywords,46108,1232,5665.62,91,10757.93,2.67,4.6,7.39,1.9
2025-03-26,TechFlow_Competitor_Keywords,22583,1061,7378.32,67,8346.31,4.7,6.95,6.31,1.13
2025-03-26,TechFlow_Display_Network,47512,746,5282.7,56,8003.01,1.57,7.08,7.51,1.51
2025-03-26,TechFlow_YouTube_Video,33724,967,4202.47,46,4072.21,2.87,4.35,4.76,0.97
2025-03-27,TechFlow_Brand_Search,42626,747,3681.32,26,4742.07,1.75,4.93,3.48,1.29
2025-03-27,TechFlow_Product_Keywords,22450,558,2775.32,19,2959.58,2.49,4.97,3.41,1.07
2025-03-27,TechFlow_Competitor_Keywords,34934,531,2035.61,27,3361.94,1.52,3.83,5.08,1.65
2025-03-27,TechFlow_Display_Network,36601,407,2719.82,25,1891.15,1.11,6.68,6.14,0.7
2025-03-27,TechFlow_YouTube_Video,11401,568,1754.58,37,6121.66,4.98,3.09,6.51,3.49
2025-03-28,TechFlow_Brand_Search,47336,1640,9032.75,38,3345.57,3.46,5.51,2.32,0.37
2025-03-28,TechFlow_Product_Keywords,48912,1302,6039.44,46,6409.81,2.66,4.64,3.53,1.06
2025-03-28,TechFlow_Competitor_Keywords,38902,690,5262.36,17,2007.3,1.77,7.63,2.46,0.38
2025-03-28,TechFlow_Display_Network,33156,845,3146.37,32,3788.71,2.55,3.72,3.79,1.2
2025-03-28,TechFlow_YouTube_Video,21675,605,2904.21,35,5973.88,2.79,4.8,5.79,2.06
2025-03-29,TechFlow_Brand_Search,16472,167,877.53,8,1253.53,1.01,5.25,4.79,1.43
2025-03-29,TechFlow_Product_Keywords,44742,1097,6477.0,31,2118.5,2.45,5.9,2.83,0.33
2025-03-29,TechFlow_Competitor_Keywords,40572,1509,6094.28,79,7103.88,3.72,4.04,5.24,1.17
2025-03-29,TechFlow_Display_Network,10300,470,3206.7,34,3159.63,4.56,6.82,7.23,0.99
2025-03-29,TechFlow_YouTube_Video,23101,800,4911.59,31,3157.26,3.46,6.14,3.88,0.64
2025-03-30,TechFlow_Brand_Search,26397,627,2815.9,33,3072.35,2.38,4.49,5.26,1.09
2025-03-30,TechFlow_Product_Keywords,12099,256,891.49,15,2589.6,2.12,3.48,5.86,2.9
2025-03-30,TechFlow_Competitor_Keywords,33752,1421,6516.44,49,9074.31,4.21,4.59,3.45,1.39
2025-03-30,TechFlow_Display_Network,5382,167,1332.98,10,500.95,3.1,7.98,5.99,0.38
2025-03-30,TechFlow_YouTube_Video,19983,574,3876.41,43,3496.17,2.87,6.75,7.49,0.9
2025-03-31,TechFlow_Brand_Search,18140,785,5316.28,55,5237.5,4.33,6.77,7.01,0.99
2025-03-31,TechFlow_Product_Keywords,26632,766,4105.1,25,1872.26,2.88,5.36,3.26,0.46
2025-03-31,TechFlow_Competitor_Keywords,3093,55,257.56,3,423.91,1.78,4.68,5.45,1.65
2025-03-31,TechFlow_Display_Network,17519,487,2359.7,34,3372.39,2.78,4.85,6.98,1.43
2025-03-31,TechFlow_YouTube_Video,48949,1146,3459.93,72,11682.84,2.34,3.02,6.28,3.38
2025-04-01,TechFlow_Brand_Search,33541,1595,12553.97,84,5721.57,4.76,7.87,5.27,0.46
2025-04-01,TechFlow_Product_Keywords,26976,548,2577.8,31,3175.86,2.03,4.7,5.66,1.23
2025-04-01,TechFlow_Competitor_Keywords,17755,200,1073.08,13,1217.01,1.13,5.37,6.5,1.13
2025-04-01,TechFlow_Display_Network,39706,1090,3139.57,59,10059.15,2.75,2.88,5.41,3.2
2025-04-01,TechFlow_YouTube_Video,44233,919,6826.98,53,3027.87,2.08,7.43,5.77,0.44
2025-04-02,TechFlow_Brand_Search,35991,463,3699.78,24,1855.76,1.29,7.99,5.18,0.5
2025-04-02,TechFlow_Product_Keywords,12824,632,1697.27,30,1806.2,4.93,2.69,4.75,1.06
2025-04-02,TechFlow_Competitor_Keywords,33768,1121,3730.99,46,9137.24,3.32,3.33,4.1,2.45
2025-04-02,TechFlow_Display_Network,38317,1456,10247.14,56,4592.68,3.8,7.04,3.85,0.45
2025-04-02,TechFlow_YouTube_Video,34808,955,4738.62,46,5807.92,2.74,4.96,4.82,1.23
2025-04-03,TechFlow_Brand_Search,20784,410,2255.68,11,1972.35,1.97,5.5,2.68,0.87
2025-04-03,TechFlow_Product_Keywords,30674,1039,4684.91,34,5038.97,3.39,4.51,3.27,1.08
2025-04-03,TechFlow_Competitor_Keywords,10272,162,901.61,4,406.55,1.58,5.57,2.47,0.45
2025-04-03,TechFlow_Display_Network,40193,432,2866.59,13,816.6,1.07,6.64,3.01,0.28
2025-04-03,TechFlow_YouTube_Video,12593,515,2071.77,14,2746.83,4.09,4.02,2.72,1.33
2025-04-04,TechFlow_Brand_Search,13521,250,991.85,11,1305.7,1.85,3.97,4.4,1.32
2025-04-04,TechFlow_Product_Keywords,31162,996,3503.72,68,4315.11,3.2,3.52,6.83,1.23
2025-04-04,TechFlow_Competitor_Keywords,11401,185,1372.45,4,676.58,1.62,7.42,2.16,0.49
2025-04-04,TechFlow_Display_Network,1997,89,416.54,2,320.05,4.46,4.68,2.25,0.77
2025-04-04,TechFlow_YouTube_Video,4145,95,758.65,5,686.79,2.29,7.99,5.26,0.91
2025-04-05,TechFlow_Brand_Search,45652,802,2940.29,26,1592.48,1.76,3.67,3.24,0.54
2025-04-05,TechFlow_Product_Keywords,25958,444,2922.86,10,953.29,1.71,6.58,2.25,0.33
2025-04-05,TechFlow_Competitor_Keywords,17170,177,1214.21,5,311.51,1.03,6.86,2.82,0.26
2025-04-05,TechFlow_Display_Network,28577,608,3351.61,35,4710.27,2.13,5.51,5.76,1.41
2025-04-05,TechFlow_YouTube_Video,38447,1019,4751.81,67,3705.73,2.65,4.66,6.58,0.78
2025-04-06,TechFlow_Brand_Search,47744,1843,10341.12,104,17033.72,3.86,5.61,5.64,1.65
2025-04-06,TechFlow_Product_Keywords,42378,1855,8648.89,37,6720.93,4.38,4.66,1.99,0.78
2025-04-06,TechFlow_Competitor_Keywords,43363,1841,7102.31,136,12973.23,4.25,3.86,7.39,1.83
2025-04-06,TechFlow_Display_Network,49972,1217,6993.68,95,6389.06,2.44,5.75,7.81,0.91
2025-04-06,TechFlow_YouTube_Video,16319,396,1822.89,20,3246.8,2.43,4.6,5.05,1.78
2025-04-07,TechFlow_Brand_Search,7543,271,1697.62,5,521.51,3.59,6.26,1.85,0.31
2025-04-07,TechFlow_Product_Keywords,29269,1102,5005.92,59,10936.33,3.77,4.54,5.35,2.18
2025-04-07,TechFlow_Competitor_Keywords,26421,749,4581.02,44,8465.58,2.83,6.12,5.87,1.85
2025-04-07,TechFlow_Display_Network,20879,754,3763.86,54,8095.41,3.61,4.99,7.16,2.15
2025-04-07,TechFlow_YouTube_Video,48490,2144,11038.1,154,11788.72,4.42,5.15,7.18,1.07
2025-04-08,TechFlow_Brand_Search,34042,1536,8210.62,65,6462.9,4.51,5.35,4.23,0.79
2025-04-08,TechFlow_Product_Keywords,49740,1160,4070.87,79,5046.63,2.33,3.51,6.81,1.24
2025-04-08,TechFlow_Competitor_Keywords,23256,1155,8345.63,46,6396.45,4.97,7.23,3.98,0.77
2025-04-08,TechFlow_Display_Network,45176,1562,8082.42,36,6899.29,3.46,5.17,2.3,0.85
2025-04-08,TechFlow_YouTube_Video,6309,295,2228.43,10,751.25,4.68,7.55,3.39,0.34
2025-04-09,TechFlow_Brand_Search,19711,943,6340.9,40,7844.7,4.78,6.72,4.24,1.24
2025-04-09,TechFlow_Product_Keywords,36594,1378,10048.46,58,5492.56,3.77,7.29,4.21,0.55
2025-04-09,TechFlow_Competitor_Keywords,48129,1943,6762.94,90,11183.89,4.04,3.48,4.63,1.65
2025-04-09,TechFlow_Display_Network,41373,652,4987.23,26,2973.65,1.58,7.65,3.99,0.6
2025-04-09,TechFlow_YouTube_Video,45224,2205,10137.14,65,6122.67,4.88,4.6,2.95,0.6
2025-04-10,TechFlow_Brand_Search,20066,776,3345.21,55,2941.15,3.87,4.31,7.09,0.88
2025-04-10,TechFlow_Product_Keywords,49864,554,4218.69,21,3363.16,1.11,7.61,3.79,0.8
2025-04-10,TechFlow_Competitor_Keywords,16159,763,3386.33,16,1969.12,4.72,4.44,2.1,0.58
2025-04-10,TechFlow_Display_Network,2241,26,195.08,1,54.16,1.16,7.5,3.85,0.28
2025-04-10,TechFlow_YouTube_Video,32922,964,3753.27,22,2917.2,2.93,3.89,2.28,0.78
2025-04-11,TechFlow_Brand_Search,44724,1558,6442.61,45,3108.77,3.48,4.14,2.89,0.48
2025-04-11,TechFlow_Product_Keywords,7335,115,808.36,8,795.29,1.57,7.03,6.96,0.98
2025-04-11,TechFlow_Competitor_Keywords,43786,1387,8032.7,64,8047.15,3.17,5.79,4.61,1.0
2025-04-11,TechFlow_Display_Network,40445,833,5542.39,53,5811.69,2.06,6.65,6.36,1.05
2025-04-11,TechFlow_YouTube_Video,25810,1082,6038.83,35,5777.39,4.19,5.58,3.23,0.96
2025-04-12,TechFlow_Brand_Search,42385,2110,13508.69,163,27685.64,4.98,6.4,7.73,2.05
2025-04-12,TechFlow_Product_Keywords,9936,335,1388.59,13,1082.11,3.37,4.15,3.88,0.78
2025-04-12,TechFlow_Competitor_Keywords,5155,165,574.46,11,1502.95,3.2,3.48,6.67,2.62
2025-04-12,TechFlow_Display_Network,18306,550,1853.77,37,3064.35,3.0,3.37,6.73,1.65
2025-04-12,TechFlow_YouTube_Video,44267,1241,8798.09,64,7675.59,2.8,7.09,5.16,0.87
2025-04-13,TechFlow_Brand_Search,36603,1478,9199.81,93,8973.29,4.04,6.22,6.29,0.98
2025-04-13,TechFlow_Product_Keywords,23094,532,2955.92,25,3664.14,2.3,5.56,4.7,1.24
2025-04-13,TechFlow_Competitor_Keywords,29282,1456,8455.45,61,9549.32,4.97,5.81,4.19,1.13
2025-04-13,TechFlow_Display_Network,29342,1282,8249.94,37,2006.87,4.37,6.44,2.89,0.24
2025-04-13,TechFlow_YouTube_Video,23169,697,2485.62,41,5001.41,3.01,3.57,5.88,2.01
2025-04-14,TechFlow_Brand_Search,34883,950,3889.69,38,1987.53,2.72,4.09,4.0,0.51
2025-04-14,TechFlow_Product_Keywords,17748,436,1894.77,17,1259.52,2.46,4.35,3.9,0.66
2025-04-14,TechFlow_Competitor_Keywords,45201,1137,6138.6,63,9146.12,2.52,5.4,5.54,1.49
2025-04-14,TechFlow_Display_Network,41541,576,4330.08,31,5514.88,1.39,7.52,5.38,1.27
2025-04-14,TechFlow_YouTube_Video,31336,1343,10247.37,64,5494.63,4.29,7.63,4.77,0.54
2025-04-15,TechFlow_Brand_Search,10786,213,1205.04,10,774.67,1.97,5.66,4.69,0.64
2025-04-15,TechFlow_Product_Keywords,43866,2056,9464.26,59,7916.31,4.69,4.6,2.87,0.84
2025-04-15,TechFlow_Competitor_Keywords,24105,936,4679.57,45,8617.78,3.88,5.0,4.81,1.84
2025-04-15,TechFlow_Display_Network,38514,1089,3828.88,64,10455.57,2.83,3.52,5.88,2.73
2025-04-15,TechFlow_YouTube_Video,28977,602,2765.01,14,726.26,2.08,4.59,2.33,0.26
2025-04-16,TechFlow_Brand_Search,20102,361,2274.85,25,4145.37,1.8,6.3,6.93,1.82
2025-04-16,TechFlow_Product_Keywords,36620,1194,8807.35,33,2166.12,3.26,7.38,2.76,0.25
2025-04-16,TechFlow_Competitor_Keywords,15550,537,3928.18,37,3753.75,3.45,7.32,6.89,0.96
2025-04-16,TechFlow_Display_Network,33016,1202,8695.31,40,6091.19,3.64,7.23,3.33,0.7
2025-04-16,TechFlow_YouTube_Video,46832,1817,6191.67,98,13251.91,3.88,3.41,5.39,2.14
2025-04-17,TechFlow_Brand_Search,41264,1445,8216.83,59,6434.69,3.5,5.69,4.08,0.78
2025-04-17,TechFlow_Product_Keywords,26435,359,937.29,9,898.23,1.36,2.61,2.51,0.96
2025-04-17,TechFlow_Competitor_Keywords,7982,273,1713.58,14,1053.36,3.42,6.28,5.13,0.61
2025-04-17,TechFlow_Display_Network,44876,987,2886.92,31,2616.31,2.2,2.92,3.14,0.91
2025-04-17,TechFlow_YouTube_Video,41296,648,4762.33,15,1515.85,1.57,7.35,2.31,0.32
2025-04-18,TechFlow_Brand_Search,32198,1491,4059.0,33,2615.09,4.63,2.72,2.21,0.64
2025-04-18,TechFlow_Product_Keywords,38751,1010,3535.55,76,5033.13,2.61,3.5,7.52,1.42
2025-04-18,TechFlow_Competitor_Keywords,21377,1061,6487.83,44,2526.68,4.96,6.11,4.15,0.39
2025-04-18,TechFlow_Display_Network,4805,170,788.37,13,1578.09,3.54,4.64,7.65,2.0
2025-04-18,TechFlow_YouTube_Video,9635,171,805.32,13,1319.3,1.77,4.71,7.6,1.64
2025-04-19,TechFlow_Brand_Search,11343,137,392.07,6,544.6,1.21,2.86,4.38,1.39
2025-04-19,TechFlow_Product_Keywords,5616,100,501.38,7,860.99,1.78,5.01,7.0,1.72
2025-04-19,TechFlow_Competitor_Keywords,47448,843,4231.04,28,3802.07,1.78,5.02,3.32,0.9
2025-04-19,TechFlow_Display_Network,46573,2243,13315.31,163,31058.48,4.82,5.94,7.27,2.33
2025-04-19,TechFlow_YouTube_Video,18791,514,1639.69,28,3863.47,2.74,3.19,5.45,2.36
2025-04-20,TechFlow_Brand_Search,42406,1108,4867.3,61,3827.81,2.61,4.39,5.51,0.79
2025-04-20,TechFlow_Product_Keywords,2687,53,398.09,1,134.54,1.97,7.51,1.89,0.34
2025-04-20,TechFlow_Competitor_Keywords,46150,646,3829.39,21,3536.3,1.4,5.93,3.25,0.92
2025-04-20,TechFlow_Display_Network,41329,1154,7762.85,55,4541.7,2.79,6.73,4.77,0.59
2025-04-20,TechFlow_YouTube_Video,8603,307,1558.89,23,2454.99,3.57,5.08,7.49,1.57
2025-04-21,TechFlow_Brand_Search,14955,322,1776.45,23,4541.43,2.15,5.52,7.14,2.56
2025-04-21,TechFlow_Product_Keywords,6266,253,908.59,7,541.15,4.04,3.59,2.77,0.6
2025-04-21,TechFlow_Competitor_Keywords,26852,1083,6915.2,51,6578.89,4.03,6.39,4.71,0.95
2025-04-21,TechFlow_Display_Network,34977,375,2362.21,15,1182.28,1.07,6.3,4.0,0.5
2025-04-21,TechFlow_YouTube_Video,44928,2132,7073.26,108,15909.09,4.75,3.32,5.07,2.25
2025-04-22,TechFlow_Brand_Search,36301,420,2434.53,31,4762.23,1.16,5.8,7.38,1.96
2025-04-22,TechFlow_Product_Keywords,6458,165,834.44,7,719.87,2.55,5.06,4.24,0.86
2025-04-22,TechFlow_Competitor_Keywords,47358,2194,7395.07,53,9047.54,4.63,3.37,2.42,1.22
2025-04-22,TechFlow_Display_Network,10504,419,1598.93,17,3047.66,3.99,3.82,4.06,1.91
2025-04-22,TechFlow_YouTube_Video,24853,255,1429.45,7,1117.4,1.03,5.61,2.75,0.78
2025-04-23,TechFlow_Brand_Search,17739,569,3673.55,32,3174.29,3.21,6.46,5.62,0.86
2025-04-23,TechFlow_Product_Keywords,7473,297,1420.96,9,623.98,3.97,4.78,3.03,0.44
2025-04-23,TechFlow_Competitor_Keywords,9572,191,848.3,15,2607.82,2.0,4.44,7.85,3.07
2025-04-23,TechFlow_Display_Network,15536,740,2714.69,30,5644.27,4.76,3.67,4.05,2.08
2025-04-23,TechFlow_YouTube_Video,18575,265,1953.14,12,2165.52,1.43,7.37,4.53,1.11
2025-04-24,TechFlow_Brand_Search,20982,326,1737.04,20,2982.25,1.55,5.33,6.13,1.72
2025-04-24,TechFlow_Product_Keywords,5723,186,974.18,10,1765.15,3.25,5.24,5.38,1.81
2025-04-24,TechFlow_Competitor_Keywords,8383,269,1235.51,14,938.17,3.21,4.59,5.2,0.76
2025-04-24,TechFlow_Display_Network,49198,2294,8827.58,77,8763.33,4.66,3.85,3.36,0.99
2025-04-24,TechFlow_YouTube_Video,2839,67,512.87,3,230.74,2.36,7.65,4.48,0.45
2025-04-25,TechFlow_Brand_Search,34634,750,4202.94,35,2362.97,2.17,5.6,4.67,0.56
2025-04-25,TechFlow_Product_Keywords,49085,1039,6144.35,38,5000.88,2.12,5.91,3.66,0.81
2025-04-25,TechFlow_Competitor_Keywords,47754,1207,9507.37,62,12019.89,2.53,7.88,5.14,1.26
2025-04-25,TechFlow_Display_Network,35698,1390,6848.46,58,11583.07,3.89,4.93,4.17,1.69
2025-04-25,TechFlow_YouTube_Video,35913,1592,6921.79,54,10110.85,4.43,4.35,3.39,1.46
2025-04-26,TechFlow_Brand_Search,23156,793,3174.88,61,5774.55,3.42,4.0,7.69,1.82
2025-04-26,TechFlow_Product_Keywords,32690,1449,8868.35,68,4613.5,4.43,6.12,4.69,0.52
2025-04-26,TechFlow_Competitor_Keywords,1822,84,240.51,4,372.2,4.61,2.86,4.76,1.55
2025-04-26,TechFlow_Display_Network,43518,740,2032.12,21,2979.19,1.7,2.75,2.84,1.47
2025-04-26,TechFlow_YouTube_Video,35133,1276,6486.33,42,7041.64,3.63,5.08,3.29,1.09
2025-04-27,TechFlow_Brand_Search,11903,136,796.3,7,1281.21,1.14,5.86,5.15,1.61
2025-04-27,TechFlow_Product_Keywords,29401,721,3384.51,30,2970.2,2.45,4.69,4.16,0.88
2025-04-27,TechFlow_Competitor_Keywords,30066,1498,11891.27,117,10664.4,4.98,7.94,7.81,0.9
2025-04-27,TechFlow_Display_Network,28080,516,2363.13,25,2918.29,1.84,4.58,4.84,1.23
2025-04-27,TechFlow_YouTube_Video,48204,2112,8053.31,68,11052.8,4.38,3.81,3.22,1.37
2025-04-28,TechFlow_Brand_Search,18172,214,1691.54,4,652.53,1.18,7.9,1.87,0.39
2025-04-28,TechFlow_Product_Keywords,13154,290,1639.29,16,2093.31,2.2,5.65,5.52,1.28
2025-04-28,TechFlow_Competitor_Keywords,1365,14,79.41,0,0.0,1.03,5.67,0.0,0.0
2025-04-28,TechFlow_Display_Network,1061,17,46.76,1,107.33,1.6,2.75,5.88,2.3
2025-04-28,TechFlow_YouTube_Video,6985,179,558.39,14,988.1,2.56,3.12,7.82,1.77
2025-04-29,TechFlow_Brand_Search,42191,1966,5346.39,133,19557.27,4.66,2.72,6.77,3.66
2025-04-29,TechFlow_Product_Keywords,23756,978,4147.05,43,2600.04,4.12,4.24,4.4,0.63
2025-04-29,TechFlow_Competitor_Keywords,49171,2326,8635.44,63,6120.3,4.73,3.71,2.71,0.71
2025-04-29,TechFlow_Display_Network,40281,891,4138.39,45,7691.97,2.21,4.64,5.05,1.86
2025-04-29,TechFlow_YouTube_Video,46403,2127,11095.7,105,18912.44,4.58,5.22,4.94,1.7
2025-04-30,TechFlow_Brand_Search,34442,1641,11552.2,63,9230.2,4.76,7.04,3.84,0.8
2025-04-30,TechFlow_Product_Keywords,38466,1873,4831.93,44,8339.67,4.87,2.58,2.35,1.73
2025-04-30,TechFlow_Competitor_Keywords,33729,418,2829.08,27,3160.81,1.24,6.77,6.46,1.12
2025-04-30,TechFlow_Display_Network,46059,1597,11709.7,82,9727.37,3.47,7.33,5.13,0.83
2025-04-30,TechFlow_YouTube_Video,48732,925,5600.99,19,3384.03,1.9,6.06,2.05,0.6
2025-05-01,TechFlow_Brand_Search,45281,1914,13816.81,127,10824.08,4.23,7.22,6.64,0.78
2025-05-01,TechFlow_Product_Keywords,44222,1496,7307.36,74,10780.4,3.38,4.88,4.95,1.48
2025-05-01,TechFlow_Competitor_Keywords,2625,116,885.34,3,179.33,4.42,7.63,2.59,0.2
2025-05-01,TechFlow_Display_Network,13774,325,2196.99,12,2301.49,2.36,6.76,3.69,1.05
2025-05-01,TechFlow_YouTube_Video,10297,304,2077.88,14,2327.36,2.95,6.84,4.61,1.12
2025-05-02,TechFlow_Brand_Search,15022,292,997.09,10,1082.25,1.94,3.41,3.42,1.09
2025-05-02,TechFlow_Product_Keywords,5808,119,703.23,6,898.69,2.05,5.91,5.04,1.28
2025-05-02,TechFlow_Competitor_Keywords,42964,1110,8377.43,55,9078.59,2.58,7.55,4.95,1.08
2025-05-02,TechFlow_Display_Network,32308,780,5846.85,58,7579.19,2.41,7.5,7.44,1.3
2025-05-02,TechFlow_YouTube_Video,10121,380,1286.24,15,1959.1,3.75,3.38,3.95,1.52
2025-05-03,TechFlow_Brand_Search,46078,781,4612.3,24,2884.06,1.69,5.91,3.07,0.63
2025-05-03,TechFlow_Product_Keywords,22502,232,1693.46,16,3164.63,1.03,7.3,6.9,1.87
2025-05-03,TechFlow_Competitor_Keywords,25495,718,4850.07,19,1337.58,2.82,6.75,2.65,0.28
2025-05-03,TechFlow_Display_Network,26310,885,2692.14,46,8329.9,3.36,3.04,5.2,3.09
2025-05-03,TechFlow_YouTube_Video,4813,142,357.25,10,1354.36,2.95,2.52,7.04,3.79
2025-05-04,TechFlow_Brand_Search,16598,587,4511.44,31,3773.32,3.54,7.69,5.28,0.84
2025-05-04,TechFlow_Product_Keywords,40324,534,1967.61,34,1910.42,1.32,3.68,6.37,0.97
2025-05-04,TechFlow_Competitor_Keywords,27310,1188,8744.69,41,3171.71,4.35,7.36,3.45,0.36
2025-05-04,TechFlow_Display_Network,16061,321,2147.89,6,968.65,2.0,6.69,1.87,0.45
2025-05-04,TechFlow_YouTube_Video,14890,465,3446.75,22,1698.05,3.12,7.41,4.73,0.49
2025-05-05,TechFlow_Brand_Search,10380,462,3090.46,11,1182.91,4.45,6.69,2.38,0.38
2025-05-05,TechFlow_Product_Keywords,33036,759,3069.54,50,4516.75,2.3,4.04,6.59,1.47
2025-05-05,TechFlow_Competitor_Keywords,17417,591,4199.62,35,2417.84,3.39,7.11,5.92,0.58
2025-05-05,TechFlow_Display_Network,21220,465,2407.35,17,926.72,2.19,5.18,3.66,0.38
2025-05-05,TechFlow_YouTube_Video,41535,770,3460.66,30,4505.71,1.85,4.49,3.9,1.3
2025-05-06,TechFlow_Brand_Search,40878,2037,15690.16,55,3421.24,4.98,7.7,2.7,0.22
2025-05-06,TechFlow_Product_Keywords,37157,508,2875.4,38,7027.41,1.37,5.66,7.48,2.44
2025-05-06,TechFlow_Competitor_Keywords,1940,71,397.39,5,620.42,3.66,5.6,7.04,1.56
2025-05-06,TechFlow_Display_Network,12487,472,2078.97,13,1918.62,3.78,4.4,2.75,0.92
2025-05-06,TechFlow_YouTube_Video,18491,303,1638.58,11,934.32,1.64,5.41,3.63,0.57
2025-05-07,TechFlow_Brand_Search,32692,970,3138.23,74,11094.32,2.97,3.24,7.63,3.54
2025-05-07,TechFlow_Product_Keywords,18891,321,930.61,10,1108.16,1.7,2.9,3.12,1.19
2025-05-07,TechFlow_Competitor_Keywords,18359,717,4669.31,28,4273.02,3.91,6.51,3.91,0.92
2025-05-07,TechFlow_Display_Network,10904,463,3086.49,21,1715.92,4.25,6.67,4.54,0.56
2025-05-07,TechFlow_YouTube_Video,16146,428,1805.29,32,2210.57,2.65,4.22,7.48,1.22
2025-05-08,TechFlow_Brand_Search,20342,427,2733.74,14,2198.77,2.1,6.4,3.28,0.8
2025-05-08,TechFlow_Product_Keywords,4293,178,1349.18,13,1485.96,4.15,7.58,7.3,1.1
2025-05-08,TechFlow_Competitor_Keywords,19442,638,2748.2,48,8568.56,3.28,4.31,7.52,3.12
2025-05-08,TechFlow_Display_Network,2449,35,258.14,2,207.51,1.43,7.38,5.71,0.8
2025-05-08,TechFlow_YouTube_Video,24674,765,4206.4,60,7660.09,3.1,5.5,7.84,1.82
2025-05-09,TechFlow_Brand_Search,8551,375,1603.91,21,2707.84,4.39,4.28,5.6,1.69
2025-05-09,TechFlow_Product_Keywords,17409,821,3739.12,45,5075.15,4.72,4.55,5.48,1.36
2025-05-09,TechFlow_Competitor_Keywords,26589,1104,7038.16,81,10104.52,4.15,6.38,7.34,1.44
2025-05-09,TechFlow_Display_Network,3258,37,258.05,0,0.0,1.14,6.97,0.0,0.0
2025-05-09,TechFlow_YouTube_Video,15694,626,1793.5,41,3276.73,3.99,2.87,6.55,1.83
2025-05-10,TechFlow_Brand_Search,44371,2199,10448.39,70,9169.8,4.96,4.75,3.18,0.88
2025-05-10,TechFlow_Product_Keywords,32299,1245,6327.54,73,13201.82,3.85,5.08,5.86,2.09
2025-05-10,TechFlow_Competitor_Keywords,44869,1674,9160.89,117,7528.49,3.73,5.47,6.99,0.82
2025-05-10,TechFlow_Display_Network,4540,189,884.93,7,484.18,4.16,4.68,3.7,0.55
2025-05-10,TechFlow_YouTube_Video,38780,1294,3548.12,71,8913.74,3.34,2.74,5.49,2.51
2025-05-11,TechFlow_Brand_Search,43807,1803,9899.37,133,17264.78,4.12,5.49,7.38,1.74
2025-05-11,TechFlow_Product_Keywords,20006,519,4033.03,25,1655.71,2.59,7.77,4.82,0.41
2025-05-11,TechFlow_Competitor_Keywords,40674,1737,6974.45,46,3951.72,4.27,4.02,2.65,0.57
2025-05-11,TechFlow_Display_Network,24277,900,2685.85,50,4408.74,3.71,2.98,5.56,1.64
2025-05-11,TechFlow_YouTube_Video,44948,786,4710.44,34,3878.78,1.75,5.99,4.33,0.82
2025-05-12,TechFlow_Brand_Search,49685,1452,6462.22,45,7929.55,2.92,4.45,3.1,1.23
2025-05-12,TechFlow_Product_Keywords,37568,1665,5756.09,65,8988.17,4.43,3.46,3.9,1.56
2025-05-12,TechFlow_Competitor_Keywords,32793,1161,5537.97,49,4225.48,3.54,4.77,4.22,0.76
2025-05-12,TechFlow_Display_Network,3783,161,940.11,7,1381.23,4.26,5.84,4.35,1.47
2025-05-12,TechFlow_YouTube_Video,15220,301,1526.91,22,2341.01,1.98,5.07,7.31,1.53
2025-05-13,TechFlow_Brand_Search,17240,695,2029.14,23,3796.93,4.03,2.92,3.31,1.87
2025-05-13,TechFlow_Product_Keywords,46398,1245,4431.11,58,9099.89,2.68,3.56,4.66,2.05
2025-05-13,TechFlow_Competitor_Keywords,25175,305,1718.9,11,2165.76,1.21,5.64,3.61,1.26
2025-05-13,TechFlow_Display_Network,33964,988,3060.88,47,8958.79,2.91,3.1,4.76,2.93
2025-05-13,TechFlow_YouTube_Video,14548,398,2283.13,11,1598.37,2.74,5.74,2.76,0.7
2025-05-14,TechFlow_Brand_Search,33820,1326,3799.22,38,2877.95,3.92,2.87,2.87,0.76
2025-05-14,TechFlow_Product_Keywords,46800,1204,8853.5,90,5454.6,2.57,7.35,7.48,0.62
2025-05-14,TechFlow_Competitor_Keywords,34181,1328,8564.28,89,16158.05,3.89,6.45,6.7,1.89
2025-05-14,TechFlow_Display_Network,30409,1367,7839.89,108,10933.92,4.5,5.74,7.9,1.39
2025-05-14,TechFlow_YouTube_Video,32090,1579,9807.71,40,5980.96,4.92,6.21,2.53,0.61
2025-05-15,TechFlow_Brand_Search,46825,1653,7578.79,36,3396.73,3.53,4.58,2.18,0.45
2025-05-15,TechFlow_Product_Keywords,29443,1033,4284.48,37,7146.98,3.51,4.15,3.58,1.67
2025-05-15,TechFlow_Competitor_Keywords,16090,670,2214.53,41,6955.85,4.16,3.31,6.12,3.14
2025-05-15,TechFlow_Display_Network,12788,589,4009.38,36,6646.6,4.61,6.81,6.11,1.66
2025-05-15,TechFlow_YouTube_Video,20005,875,4249.24,34,1927.32,4.37,4.86,3.89,0.45
2025-05-16,TechFlow_Brand_Search,44021,1237,7753.24,44,4589.38,2.81,6.27,3.56,0.59
2025-05-16,TechFlow_Product_Keywords,4395,204,1371.16,9,532.01,4.64,6.72,4.41,0.39
2025-05-16,TechFlow_Competitor_Keywords,22778,265,687.64,20,2541.44,1.16,2.59,7.55,3.7
2025-05-16,TechFlow_Display_Network,29995,1092,8465.33,77,5402.61,3.64,7.75,7.05,0.64
2025-05-16,TechFlow_YouTube_Video,49393,1318,9639.45,82,5571.36,2.67,7.31,6.22,0.58
2025-05-17,TechFlow_Brand_Search,49891,759,3385.78,41,5177.7,1.52,4.46,5.4,1.53
2025-05-17,TechFlow_Product_Keywords,41001,1127,6640.11,42,5144.26,2.75,5.89,3.73,0.77
2025-05-17,TechFlow_Competitor_Keywords,16785,333,2074.74,21,1226.15,1.98,6.23,6.31,0.59
2025-05-17,TechFlow_Display_Network,10486,508,2825.93,13,1204.15,4.84,5.56,2.56,0.43
2025-05-17,TechFlow_YouTube_Video,26836,926,2372.86,27,3783.01,3.45,2.56,2.92,1.59
2025-05-18,TechFlow_Brand_Search,20749,992,3370.7,46,7312.96,4.78,3.4,4.64,2.17
2025-05-18,TechFlow_Product_Keywords,6326,105,827.29,7,869.78,1.66,7.88,6.67,1.05
2025-05-18,TechFlow_Competitor_Keywords,8808,277,2000.07,8,1303.88,3.14,7.22,2.89,0.65
2025-05-18,TechFlow_Display_Network,14977,748,4834.66,22,1915.23,4.99,6.46,2.94,0.4
2025-05-18,TechFlow_YouTube_Video,9300,434,1532.36,31,3296.82,4.67,3.53,7.14,2.15
2025-05-19,TechFlow_Brand_Search,41360,1206,6571.49,50,7513.77,2.92,5.45,4.15,1.14
2025-05-19,TechFlow_Product_Keywords,46183,808,3965.59,24,2461.52,1.75,4.91,2.97,0.62
2025-05-19,TechFlow_Competitor_Keywords,42679,2069,11807.18,44,6663.8,4.85,5.71,2.13,0.56
2025-05-19,TechFlow_Display_Network,19837,615,4576.8,43,2924.1,3.1,7.44,6.99,0.64
2025-05-19,TechFlow_YouTube_Video,24834,363,2579.96,22,4083.67,1.46,7.11,6.06,1.58
2025-05-20,TechFlow_Brand_Search,26511,616,2058.21,30,5769.28,2.32,3.34,4.87,2.8
2025-05-20,TechFlow_Product_Keywords,15794,358,1732.06,11,2122.82,2.27,4.84,3.07,1.23
2025-05-20,TechFlow_Competitor_Keywords,32708,1305,7053.46,52,8610.71,3.99,5.4,3.98,1.22
2025-05-20,TechFlow_Display_Network,30524,1131,8606.01,66,6989.75,3.71,7.61,5.84,0.81
2025-05-20,TechFlow_YouTube_Video,8665,121,347.76,8,918.77,1.4,2.87,6.61,2.64
2025-05-21,TechFlow_Brand_Search,6416,86,500.0,5,525.41,1.34,5.81,5.81,1.05
2025-05-21,TechFlow_Product_Keywords,30975,743,1872.11,50,4655.93,2.4,2.52,6.73,2.49
2025-05-21,TechFlow_Competitor_Keywords,16758,550,2210.84,30,3883.05,3.28,4.02,5.45,1.76
2025-05-21,TechFlow_Display_Network,37583,1109,8041.52,81,13445.22,2.95,7.25,7.3,1.67
2025-05-21,TechFlow_YouTube_Video,45965,901,5066.24,35,6612.85,1.96,5.62,3.88,1.31
2025-05-22,TechFlow_Brand_Search,31976,1577,5150.17,64,4268.97,4.93,3.27,4.06,0.83
2025-05-22,TechFlow_Product_Keywords,32068,657,3515.27,22,3181.9,2.05,5.35,3.35,0.91
2025-05-22,TechFlow_Competitor_Keywords,31723,723,3898.52,41,7299.24,2.28,5.39,5.67,1.87
2025-05-22,TechFlow_Display_Network,39053,932,3318.01,27,2255.25,2.39,3.56,2.9,0.68
2025-05-22,TechFlow_YouTube_Video,37188,1241,7779.1,95,18373.35,3.34,6.27,7.66,2.36
2025-05-23,TechFlow_Brand_Search,6376,91,611.27,4,264.96,1.43,6.72,4.4,0.43
2025-05-23,TechFlow_Product_Keywords,39021,1796,12257.85,133,7549.2,4.6,6.83,7.41,0.62
2025-05-23,TechFlow_Competitor_Keywords,48252,483,2209.06,19,1870.35,1.0,4.57,3.93,0.85
2025-05-23,TechFlow_Display_Network,18706,382,1765.07,19,1048.21,2.04,4.62,4.97,0.59
2025-05-23,TechFlow_YouTube_Video,5185,154,989.65,10,1683.24,2.97,6.43,6.49,1.7
2025-05-24,TechFlow_Brand_Search,47473,1341,8053.01,43,2619.52,2.82,6.01,3.21,0.33
2025-05-24,TechFlow_Product_Keywords,28196,636,3151.04,36,4578.82,2.26,4.95,5.66,1.45
2025-05-24,TechFlow_Competitor_Keywords,35755,1313,5038.58,39,7061.27,3.67,3.84,2.97,1.4
2025-05-24,TechFlow_Display_Network,8141,257,1927.96,19,3450.53,3.16,7.5,7.39,1.79
2025-05-24,TechFlow_YouTube_Video,10219,399,1330.53,31,3401.89,3.9,3.33,7.77,2.56
2025-05-25,TechFlow_Brand_Search,9549,444,2577.18,17,1545.52,4.65,5.8,3.83,0.6
2025-05-25,TechFlow_Product_Keywords,47583,745,5278.65,49,7891.1,1.57,7.09,6.58,1.49
2025-05-25,TechFlow_Competitor_Keywords,23802,630,4212.42,35,2379.86,2.65,6.69,5.56,0.56
2025-05-25,TechFlow_Display_Network,26417,1058,4235.37,46,2742.54,4.0,4.0,4.35,0.65
2025-05-25,TechFlow_YouTube_Video,40716,691,3961.19,34,6260.98,1.7,5.73,4.92,1.58
2025-05-26,TechFlow_Brand_Search,17624,723,4416.31,52,9156.0,4.1,6.11,7.19,2.07
2025-05-26,TechFlow_Product_Keywords,47698,953,7227.59,19,1456.55,2.0,7.58,1.99,0.2
2025-05-26,TechFlow_Competitor_Keywords,18555,659,3816.19,31,3397.88,3.55,5.79,4.7,0.89
2025-05-26,TechFlow_Display_Network,33349,1487,8871.86,58,3123.84,4.46,5.97,3.9,0.35
2025-05-26,TechFlow_YouTube_Video,20900,357,2701.49,22,3605.96,1.71,7.57,6.16,1.33
2025-05-27,TechFlow_Brand_Search,23063,1048,7747.01,75,14377.26,4.54,7.39,7.16,1.86
2025-05-27,TechFlow_Product_Keywords,3470,90,473.11,7,773.32,2.59,5.26,7.78,1.63
2025-05-27,TechFlow_Competitor_Keywords,34217,1332,4264.37,48,4063.52,3.89,3.2,3.6,0.95
2025-05-27,TechFlow_Display_Network,45542,1448,6104.41,39,5601.23,3.18,4.22,2.69,0.92
2025-05-27,TechFlow_YouTube_Video,45730,2027,10247.98,69,8332.21,4.43,5.06,3.4,0.81
2025-05-28,TechFlow_Brand_Search,12874,174,1100.13,10,1565.28,1.35,6.32,5.75,1.42
2025-05-28,TechFlow_Product_Keywords,37473,818,4052.15,23,2253.02,2.18,4.95,2.81,0.56
2025-05-28,TechFlow_Competitor_Keywords,24937,660,4943.91,44,7216.17,2.65,7.49,6.67,1.46
2025-05-28,TechFlow_Display_Network,44524,1612,9738.28,51,5376.71,3.62,6.04,3.16,0.55
2025-05-28,TechFlow_YouTube_Video,35604,1461,4822.01,50,8834.3,4.1,3.3,3.42,1.83
2025-05-29,TechFlow_Brand_Search,18572,763,3666.24,20,1083.14,4.11,4.81,2.62,0.3
2025-05-29,TechFlow_Product_Keywords,5071,235,776.38,8,667.16,4.63,3.3,3.4,0.86
2025-05-29,TechFlow_Competitor_Keywords,22071,340,1224.54,7,1008.67,1.54,3.6,2.06,0.82
2025-05-29,TechFlow_Display_Network,31514,735,4523.47,25,2688.61,2.33,6.15,3.4,0.59
2025-05-29,TechFlow_YouTube_Video,9764,257,1902.54,15,1802.83,2.63,7.4,5.84,0.95
2025-05-30,TechFlow_Brand_Search,20955,566,3178.92,39,2921.18,2.7,5.62,6.89,0.92
2025-05-30,TechFlow_Product_Keywords,16848,786,6097.2,36,4525.43,4.67,7.76,4.58,0.74
2025-05-30,TechFlow_Competitor_Keywords,41577,517,2535.13,16,3126.17,1.24,4.9,3.09,1.23
2025-05-30,TechFlow_Display_Network,41017,1759,4670.84,51,7173.16,4.29,2.66,2.9,1.54
2025-05-30,TechFlow_YouTube_Video,22771,714,1793.6,25,2734.32,3.14,2.51,3.5,1.52
2025-05-31,TechFlow_Brand_Search,3578,147,770.16,6,339.51,4.11,5.24,4.08,0.44
2025-05-31,TechFlow_Product_Keywords,30783,1078,4872.83,63,3382.91,3.5,4.52,5.84,0.69
2025-05-31,TechFlow_Competitor_Keywords,8405,263,2025.54,9,1252.07,3.13,7.7,3.42,0.62
2025-05-31,TechFlow_Display_Network,44148,914,5472.3,18,3420.35,2.07,5.99,1.97,0.63
2025-05-31,TechFlow_YouTube_Video,16947,532,3489.5,10,1884.99,3.14,6.56,1.88,0.54
2025-06-01,TechFlow_Brand_Search,44635,1271,4387.17,77,14699.49,2.85,3.45,6.06,3.35
2025-06-01,TechFlow_Product_Keywords,41104,414,3181.87,24,4324.84,1.01,7.69,5.8,1.36
2025-06-01,TechFlow_Competitor_Keywords,34832,461,1854.29,27,3749.73,1.32,4.02,5.86,2.02
2025-06-01,TechFlow_Display_Network,31664,489,3235.59,22,1232.88,1.54,6.62,4.5,0.38
2025-06-01,TechFlow_YouTube_Video,39740,576,2654.16,36,5413.74,1.45,4.61,6.25,2.04
2025-06-02,TechFlow_Brand_Search,33246,1310,8143.72,58,9593.77,3.94,6.22,4.43,1.18
2025-06-02,TechFlow_Product_Keywords,32067,1425,8834.88,79,15626.61,4.44,6.2,5.54,1.77
2025-06-02,TechFlow_Competitor_Keywords,39206,1147,3349.21,86,16315.9,2.93,2.92,7.5,4.87
2025-06-02,TechFlow_Display_Network,15660,196,1154.84,5,652.18,1.25,5.89,2.55,0.56
2025-06-02,TechFlow_YouTube_Video,14513,557,3970.57,20,2284.23,3.84,7.13,3.59,0.58
2025-06-03,TechFlow_Brand_Search,28095,399,1162.87,25,2622.78,1.42,2.91,6.27,2.26
2025-06-03,TechFlow_Product_Keywords,14011,341,1487.05,23,4245.24,2.43,4.36,6.74,2.85
2025-06-03,TechFlow_Competitor_Keywords,17636,257,1151.47,6,451.94,1.46,4.48,2.33,0.39
2025-06-03,TechFlow_Display_Network,9456,214,1204.73,7,1107.16,2.26,5.63,3.27,0.92
2025-06-03,TechFlow_YouTube_Video,20377,989,6310.09,61,6593.83,4.85,6.38,6.17,1.04
2025-06-04,TechFlow_Brand_Search,5070,61,167.46,3,496.05,1.2,2.75,4.92,2.96
2025-06-04,TechFlow_Product_Keywords,32646,1090,6324.28,72,10377.86,3.34,5.8,6.61,1.64
2025-06-04,TechFlow_Competitor_Keywords,10091,187,850.52,11,1348.85,1.85,4.55,5.88,1.59
2025-06-04,TechFlow_Display_Network,10057,347,1346.94,9,941.73,3.45,3.88,2.59,0.7
2025-06-04,TechFlow_YouTube_Video,13296,358,2444.91,8,895.5,2.69,6.83,2.23,0.37
2025-06-05,TechFlow_Brand_Search,26582,579,4018.81,46,7363.05,2.18,6.94,7.94,1.83
2025-06-05,TechFlow_Product_Keywords,26350,1124,6153.5,77,5471.35,4.27,5.47,6.85,0.89
2025-06-05,TechFlow_Competitor_Keywords,34632,1503,6156.67,58,7155.7,4.34,4.1,3.86,1.16
2025-06-05,TechFlow_Display_Network,49299,2002,13842.26,121,22785.33,4.06,6.91,6.04,1.65
2025-06-05,TechFlow_YouTube_Video,5126,248,1707.69,17,953.44,4.84,6.89,6.85,0.56
2025-06-06,TechFlow_Brand_Search,40243,1631,6572.08,81,10457.95,4.05,4.03,4.97,1.59
2025-06-06,TechFlow_Product_Keywords,18179,241,1867.25,4,284.56,1.33,7.75,1.66,0.15
2025-06-06,TechFlow_Competitor_Keywords,11776,147,738.49,4,403.01,1.25,5.02,2.72,0.55
2025-06-06,TechFlow_Display_Network,8370,336,889.07,25,2238.75,4.01,2.65,7.44,2.52
2025-06-06,TechFlow_YouTube_Video,17318,591,3738.55,39,7394.94,3.41,6.33,6.6,1.98
2025-06-07,TechFlow_Brand_Search,42846,662,1860.58,27,3123.11,1.55,2.81,4.08,1.68
2025-06-07,TechFlow_Product_Keywords,25423,668,3333.92,44,6219.19,2.63,4.99,6.59,1.87
2025-06-07,TechFlow_Competitor_Keywords,5712,78,222.7,2,208.95,1.37,2.86,2.56,0.94
2025-06-07,TechFlow_Display_Network,45674,680,4385.61,28,1932.73,1.49,6.45,4.12,0.44
2025-06-07,TechFlow_YouTube_Video,46896,2256,8618.8,150,13549.46,4.81,3.82,6.65,1.57
2025-06-08,TechFlow_Brand_Search,2778,86,278.41,6,462.58,3.1,3.24,6.98,1.66
2025-06-08,TechFlow_Product_Keywords,34036,822,5749.41,60,4718.2,2.42,6.99,7.3,0.82
2025-06-08,TechFlow_Competitor_Keywords,15678,369,1680.18,21,1171.98,2.35,4.55,5.69,0.7
2025-06-08,TechFlow_Display_Network,43396,1611,11169.62,84,12158.37,3.71,6.93,5.21,1.09
2025-06-08,TechFlow_YouTube_Video,23376,424,1348.91,21,4117.29,1.81,3.18,4.95,3.05
2025-06-09,TechFlow_Brand_Search,23373,1078,4732.99,53,4782.22,4.61,4.39,4.92,1.01
2025-06-09,TechFlow_Product_Keywords,14898,485,1643.34,17,1537.97,3.26,3.39,3.51,0.94
2025-06-09,TechFlow_Competitor_Keywords,35860,1034,6155.38,42,6060.7,2.88,5.95,4.06,0.98
2025-06-09,TechFlow_Display_Network,10351,304,836.54,11,604.81,2.94,2.75,3.62,0.72
2025-06-09,TechFlow_YouTube_Video,25345,1212,3406.88,31,5751.92,4.78,2.81,2.56,1.69
2025-06-10,TechFlow_Brand_Search,44579,720,2137.7,27,3101.79,1.62,2.97,3.75,1.45
2025-06-10,TechFlow_Product_Keywords,45579,795,6011.38,46,2902.98,1.74,7.56,5.79,0.48
2025-06-10,TechFlow_Competitor_Keywords,44799,520,2310.71,34,5089.23,1.16,4.44,6.54,2.2
2025-06-10,TechFlow_Display_Network,46597,1131,5811.04,70,5297.25,2.43,5.14,6.19,0.91
2025-06-10,TechFlow_YouTube_Video,49890,546,4350.32,12,645.28,1.09,7.97,2.2,0.15
2025-06-11,TechFlow_Brand_Search,29930,589,3505.27,40,5343.7,1.97,5.95,6.79,1.52
2025-06-11,TechFlow_Product_Keywords,40269,1452,5343.35,73,14227.16,3.61,3.68,5.03,2.66
2025-06-11,TechFlow_Competitor_Keywords,35557,698,2356.86,33,2463.86,1.96,3.38,4.73,1.05
2025-06-11,TechFlow_Display_Network,12733,278,2106.68,22,3636.13,2.18,7.58,7.91,1.73
2025-06-11,TechFlow_YouTube_Video,8552,267,1468.33,12,2108.44,3.12,5.5,4.49,1.44
2025-06-12,TechFlow_Brand_Search,47273,1121,3658.57,68,9204.08,2.37,3.26,6.07,2.52
2025-06-12,TechFlow_Product_Keywords,29948,688,1730.17,46,7505.38,2.3,2.51,6.69,4.34
2025-06-12,TechFlow_Competitor_Keywords,5644,127,367.17,3,321.16,2.25,2.89,2.36,0.87
2025-06-12,TechFlow_Display_Network,15328,506,2491.07,18,3477.3,3.3,4.92,3.56,1.4
2025-06-12,TechFlow_YouTube_Video,26721,836,2457.98,21,2733.27,3.13,2.94,2.51,1.11
2025-06-13,TechFlow_Brand_Search,15331,247,1868.74,8,868.63,1.61,7.57,3.24,0.46
2025-06-13,TechFlow_Product_Keywords,34969,581,2503.95,37,4136.08,1.66,4.31,6.37,1.65
2025-06-13,TechFlow_Competitor_Keywords,48533,559,2957.48,33,4661.1,1.15,5.29,5.9,1.58
2025-06-13,TechFlow_Display_Network,17898,541,1500.25,38,3573.94,3.02,2.77,7.02,2.38
2025-06-13,TechFlow_YouTube_Video,18843,753,2492.26,54,5018.19,4.0,3.31,7.17,2.01
2025-06-14,TechFlow_Brand_Search,19262,390,2099.18,23,1232.56,2.02,5.38,5.9,0.59
2025-06-14,TechFlow_Product_Keywords,29977,1056,5723.6,71,8063.18,3.52,5.42,6.72,1.41
2025-06-14,TechFlow_Competitor_Keywords,29997,948,6387.86,33,4313.41,3.16,6.74,3.48,0.68
2025-06-14,TechFlow_Display_Network,14991,422,2324.43,14,1657.25,2.82,5.51,3.32,0.71
2025-06-14,TechFlow_YouTube_Video,48108,1873,10073.84,75,8886.0,3.89,5.38,4.0,0.88
2025-06-15,TechFlow_Brand_Search,47695,937,6163.31,18,1257.11,1.96,6.58,1.92,0.2
2025-06-15,TechFlow_Product_Keywords,32053,1309,4555.94,79,4923.78,4.08,3.48,6.04,1.08
2025-06-15,TechFlow_Competitor_Keywords,30750,1063,3122.49,76,13913.17,3.46,2.94,7.15,4.46
2025-06-15,TechFlow_Display_Network,12306,187,474.56,8,1171.68,1.52,2.54,4.28,2.47
2025-06-15,TechFlow_YouTube_Video,7065,335,2399.57,13,2128.52,4.74,7.16,3.88,0.89
2025-06-16,TechFlow_Brand_Search,3039,114,766.94,8,1154.54,3.75,6.73,7.02,1.51
2025-06-16,TechFlow_Product_Keywords,8880,436,3019.38,16,1087.6,4.91,6.93,3.67,0.36
2025-06-16,TechFlow_Competitor_Keywords,31964,322,2132.27,20,2780.12,1.01,6.62,6.21,1.3
2025-06-16,TechFlow_Display_Network,38964,429,2983.58,33,6523.66,1.1,6.95,7.69,2.19
2025-06-16,TechFlow_YouTube_Video,2765,46,364.55,1,57.94,1.66,7.92,2.17,0.16
2025-06-17,TechFlow_Brand_Search,13159,251,1255.02,9,1731.94,1.91,5.0,3.59,1.38
2025-06-17,TechFlow_Product_Keywords,26585,347,1623.49,10,1613.51,1.31,4.68,2.88,0.99
2025-06-17,TechFlow_Competitor_Keywords,48095,1613,5669.7,72,10440.05,3.35,3.52,4.46,1.84
2025-06-17,TechFlow_Display_Network,29379,722,1867.34,28,4378.66,2.46,2.59,3.88,2.34
2025-06-17,TechFlow_YouTube_Video,41192,2020,9043.7,156,27599.16,4.9,4.48,7.72,3.05
2025-06-18,TechFlow_Brand_Search,27926,416,1079.29,31,4253.1,1.49,2.59,7.45,3.94
2025-06-18,TechFlow_Product_Keywords,15765,287,1416.96,5,676.22,1.82,4.94,1.74,0.48
2025-06-18,TechFlow_Competitor_Keywords,37303,1193,3243.06,53,9087.4,3.2,2.72,4.44,2.8
2025-06-18,TechFlow_Display_Network,45717,574,1607.25,15,1333.47,1.26,2.8,2.61,0.83
2025-06-18,TechFlow_YouTube_Video,33994,1332,7342.0,83,5908.14,3.92,5.51,6.23,0.8
2025-06-19,TechFlow_Brand_Search,33932,808,3453.59,60,10102.58,2.38,4.27,7.43,2.93
2025-06-19,TechFlow_Product_Keywords,44246,1342,3944.4,89,14463.54,3.03,2.94,6.63,3.67
2025-06-19,TechFlow_Competitor_Keywords,24574,531,4092.98,26,4710.68,2.16,7.71,4.9,1.15
2025-06-19,TechFlow_Display_Network,8781,366,1166.94,17,2069.92,4.17,3.19,4.64,1.77
2025-06-19,TechFlow_YouTube_Video,11866,340,1126.69,20,1044.39,2.87,3.31,5.88,0.93
2025-06-20,TechFlow_Brand_Search,46728,999,7805.8,48,4297.1,2.14,7.81,4.8,0.55
2025-06-20,TechFlow_Product_Keywords,43559,1648,6605.55,73,7336.79,3.78,4.01,4.43,1.11
2025-06-20,TechFlow_Competitor_Keywords,39540,1070,5201.36,34,3994.64,2.71,4.86,3.18,0.77
2025-06-20,TechFlow_Display_Network,6980,236,1052.02,5,880.61,3.38,4.46,2.12,0.84
2025-06-20,TechFlow_YouTube_Video,25205,379,2186.55,20,3565.86,1.5,5.77,5.28,1.63
2025-06-21,TechFlow_Brand_Search,26056,336,1030.37,13,776.65,1.29,3.07,3.87,0.75
2025-06-21,TechFlow_Product_Keywords,30103,1158,4074.21,34,3635.52,3.85,3.52,2.94,0.89
2025-06-21,TechFlow_Competitor_Keywords,27927,999,5082.5,38,7014.29,3.58,5.09,3.8,1.38
2025-06-21,TechFlow_Display_Network,5280,60,467.51,1,97.83,1.14,7.79,1.67,0.21
2025-06-21,TechFlow_YouTube_Video,37898,1298,6066.0,50,3819.81,3.42,4.67,3.85,0.63
2025-06-22,TechFlow_Brand_Search,4045,147,999.39,7,1248.11,3.63,6.8,4.76,1.25
2025-06-22,TechFlow_Product_Keywords,43711,780,5067.98,48,8495.67,1.78,6.5,6.15,1.68
2025-06-22,TechFlow_Competitor_Keywords,46629,1959,10329.78,138,10791.08,4.2,5.27,7.04,1.04
2025-06-22,TechFlow_Display_Network,26607,449,2688.19,34,4740.29,1.69,5.99,7.57,1.76
2025-06-22,TechFlow_YouTube_Video,5190,230,1568.63,5,326.24,4.43,6.82,2.17,0.21
2025-06-23,TechFlow_Brand_Search,48240,1565,9961.26,71,10216.02,3.24,6.37,4.54,1.03
2025-06-23,TechFlow_Product_Keywords,48264,490,1919.21,24,4069.52,1.02,3.92,4.9,2.12
2025-06-23,TechFlow_Competitor_Keywords,30399,456,1461.59,36,5029.22,1.5,3.21,7.89,3.44
2025-06-23,TechFlow_Display_Network,38785,1335,5795.1,76,8139.17,3.44,4.34,5.69,1.4
2025-06-23,TechFlow_YouTube_Video,32912,808,4152.81,64,4282.62,2.46,5.14,7.92,1.03
2025-06-24,TechFlow_Brand_Search,41417,1461,9610.51,105,15174.77,3.53,6.58,7.19,1.58
2025-06-24,TechFlow_Product_Keywords,22819,897,5666.04,41,7505.68,3.93,6.32,4.57,1.32
2025-06-24,TechFlow_Competitor_Keywords,48513,933,5398.36,28,2996.08,1.92,5.79,3.0,0.55
2025-06-24,TechFlow_Display_Network,25866,497,2277.92,34,2662.15,1.92,4.58,6.84,1.17
2025-06-24,TechFlow_YouTube_Video,38652,1664,10184.42,113,14968.38,4.31,6.12,6.79,1.47
2025-06-25,TechFlow_Brand_Search,30963,1507,7108.1,42,3669.73,4.87,4.72,2.79,0.52
2025-06-25,TechFlow_Product_Keywords,47476,1631,11188.22,94,6318.84,3.44,6.86,5.76,0.56
2025-06-25,TechFlow_Competitor_Keywords,49627,1065,8501.69,52,10382.13,2.15,7.98,4.88,1.22
2025-06-25,TechFlow_Display_Network,24338,497,3302.6,22,2815.68,2.04,6.65,4.43,0.85
2025-06-25,TechFlow_YouTube_Video,30374,1017,5071.01,78,11702.54,3.35,4.99,7.67,2.31
2025-06-26,TechFlow_Brand_Search,23371,794,2907.04,62,4648.86,3.4,3.66,7.81,1.6
2025-06-26,TechFlow_Product_Keywords,1212,47,184.13,2,391.16,3.88,3.92,4.26,2.12
2025-06-26,TechFlow_Competitor_Keywords,17814,422,2520.84,11,2087.88,2.37,5.97,2.61,0.83
2025-06-26,TechFlow_Display_Network,6851,216,731.43,13,888.44,3.15,3.39,6.02,1.21
2025-06-26,TechFlow_YouTube_Video,39078,823,2756.42,47,2401.47,2.11,3.35,5.71,0.87
2025-06-27,TechFlow_Brand_Search,49646,1920,14270.6,47,3332.69,3.87,7.43,2.45,0.23
2025-06-27,TechFlow_Product_Keywords,45283,1611,8978.27,63,9285.75,3.56,5.57,3.91,1.03
2025-06-27,TechFlow_Competitor_Keywords,1941,72,304.83,2,231.44,3.71,4.23,2.78,0.76
2025-06-27,TechFlow_Display_Network,40684,682,5109.89,15,2324.95,1.68,7.49,2.2,0.45
2025-06-27,TechFlow_YouTube_Video,43910,987,2482.9,76,5513.29,2.25,2.52,7.7,2.22
2025-06-28,TechFlow_Brand_Search,43905,767,5124.16,47,4681.41,1.75,6.68,6.13,0.91
2025-06-28,TechFlow_Product_Keywords,40811,524,2362.75,40,2608.22,1.28,4.51,7.63,1.1
2025-06-28,TechFlow_Competitor_Keywords,32540,1331,7809.4,75,10388.48,4.09,5.87,5.63,1.33
2025-06-28,TechFlow_Display_Network,28416,755,2303.66,28,4995.58,2.66,3.05,3.71,2.17
2025-06-28,TechFlow_YouTube_Video,27725,477,2042.66,35,5963.93,1.72,4.28,7.34,2.92
2025-06-29,TechFlow_Brand_Search,27099,769,3186.16,43,6191.85,2.84,4.14,5.59,1.94
2025-06-29,TechFlow_Product_Keywords,40386,1826,8971.85,66,6958.88,4.52,4.91,3.61,0.78
2025-06-29,TechFlow_Competitor_Keywords,6140,291,1601.28,22,3982.93,4.74,5.5,7.56,2.49
2025-06-29,TechFlow_Display_Network,17516,821,3459.42,51,8636.45,4.69,4.21,6.21,2.5
2025-06-29,TechFlow_YouTube_Video,46017,1894,11912.09,137,26835.6,4.12,6.29,7.23,2.25
2025-06-30,TechFlow_Brand_Search,26197,333,2292.36,16,2223.74,1.27,6.88,4.8,0.97
2025-06-30,TechFlow_Product_Keywords,46567,2136,7618.26,78,12069.2,4.59,3.57,3.65,1.58
2025-06-30,TechFlow_Competitor_Keywords,3291,137,966.8,3,379.83,4.16,7.06,2.19,0.39
2025-06-30,TechFlow_Display_Network,28109,369,1618.0,22,1711.96,1.31,4.38,5.96,1.06
2025-06-30,TechFlow_YouTube_Video,16838,672,2144.85,52,4975.36,3.99,3.19,7.74,2.32
2025-07-01,TechFlow_Brand_Search,42947,1078,7633.06,30,5120.08,2.51,7.08,2.78,0.67
2025-07-01,TechFlow_Product_Keywords,1629,54,250.74,4,310.02,3.31,4.64,7.41,1.24
2025-07-01,TechFlow_Competitor_Keywords,12922,489,2533.73,18,2534.63,3.78,5.18,3.68,1.0
2025-07-01,TechFlow_Display_Network,19588,410,2361.09,23,3434.36,2.09,5.76,5.61,1.45
2025-07-01,TechFlow_YouTube_Video,23074,1030,5400.03,38,2518.55,4.46,5.24,3.69,0.47
2025-07-02,TechFlow_Brand_Search,28050,905,6502.82,24,4123.72,3.23,7.19,2.65,0.63
2025-07-02,TechFlow_Product_Keywords,45346,1688,7270.89,128,13267.54,3.72,4.31,7.58,1.82
2025-07-02,TechFlow_Competitor_Keywords,11161,262,807.31,11,1884.77,2.35,3.08,4.2,2.33
2025-07-02,TechFlow_Display_Network,39966,1975,14346.74,53,5296.57,4.94,7.26,2.68,0.37
2025-07-02,TechFlow_YouTube_Video,42641,1387,4922.82,69,13230.9,3.25,3.55,4.97,2.69
2025-07-03,TechFlow_Brand_Search,35722,557,4345.13,28,5294.91,1.56,7.8,5.03,1.22
2025-07-03,TechFlow_Product_Keywords,18413,249,1405.14,6,971.54,1.35,5.64,2.41,0.69
2025-07-03,TechFlow_Competitor_Keywords,21480,293,1487.75,13,1493.01,1.36,5.08,4.44,1.0
2025-07-03,TechFlow_Display_Network,5514,229,710.77,7,739.63,4.15,3.1,3.06,1.04
2025-07-03,TechFlow_YouTube_Video,49898,2084,12313.66,97,12202.43,4.18,5.91,4.65,0.99
2025-07-04,TechFlow_Brand_Search,34973,641,2620.13,18,1989.31,1.83,4.09,2.81,0.76
2025-07-04,TechFlow_Product_Keywords,6762,299,2040.11,14,2080.33,4.42,6.82,4.68,1.02
2025-07-04,TechFlow_Competitor_Keywords,40905,1761,10320.25,128,16702.42,4.31,5.86,7.27,1.62
2025-07-04,TechFlow_Display_Network,34344,1537,9295.93,106,6552.47,4.48,6.05,6.9,0.7
2025-07-04,TechFlow_YouTube_Video,24979,365,2697.49,7,1236.11,1.46,7.39,1.92,0.46
2025-07-05,TechFlow_Brand_Search,44333,2206,16062.15,163,23386.55,4.98,7.28,7.39,1.46
2025-07-05,TechFlow_Product_Keywords,12695,273,1960.11,14,2549.4,2.15,7.18,5.13,1.3
2025-07-05,TechFlow_Competitor_Keywords,37369,1151,6674.85,38,3941.29,3.08,5.8,3.3,0.59
2025-07-05,TechFlow_Display_Network,46919,1729,8965.74,73,7473.85,3.69,5.19,4.22,0.83
2025-07-05,TechFlow_YouTube_Video,14932,171,508.16,7,415.88,1.15,2.97,4.09,0.82
